Date,Category 1,Category 2,Category 3,Category 4
2009-01-01,0,9,20,21
2009-01-02,0,7,25,40
2009-01-03,1,8,16,27
2009-01-04,0,11,17,23
2009-01-05,0,5,27,40
2009-01-06,0,4,19,33
2009-01-07,0,6,20,26
2009-01-08,0,2,27,24
2009-01-09,0,7,28,31
2009-01-10,1,10,17,26
2009-01-11,0,5,17,14
2009-01-12,0,3,19,19
2009-01-13,0,5,27,29
2009-01-14,1,7,17,20
2009-01-15,0,4,18,24
2009-01-16,0,5,19,27
2009-01-17,0,2,15,34
2009-01-18,0,13,11,28
2009-01-19,0,2,17,24
2009-01-20,0,7,17,21
2009-01-21,0,3,16,25
2009-01-22,0,6,18,34
2009-01-23,0,11,29,26
2009-01-24,1,5,10,32
2009-01-25,0,8,12,19
2009-01-26,0,11,14,35
2009-01-27,0,6,22,29
2009-01-28,0,6,17,28
2009-01-29,0,8,17,21
2009-01-30,2,5,30,35
2009-01-31,0,8,13,29
2009-02-01,1,11,12,35
2009-02-02,1,3,18,26
2009-02-03,0,5,17,32
2009-02-04,0,4,21,17
2009-02-05,0,5,14,33
2009-02-06,0,8,17,27
2009-02-07,1,9,12,20
2009-02-08,0,8,8,25
2009-02-09,0,6,19,29
2009-02-10,0,8,14,21
2009-02-11,0,9,20,24
2009-02-12,0,4,15,19
2009-02-13,1,8,22,31
2009-02-14,0,7,4,24
2009-02-15,1,6,8,19
2009-02-16,0,2,14,23
2009-02-17,0,5,10,29
2009-02-18,2,2,13,33
2009-02-19,0,2,13,19
2009-02-20,0,7,21,36
2009-02-21,1,9,17,15
2009-02-22,1,12,10,25
2009-02-23,0,5,8,15
2009-02-24,0,8,14,32
2009-02-25,0,11,15,25
2009-02-26,0,5,11,32
2009-02-27,0,7,15,21
2009-02-28,0,7,7,24
2009-03-01,0,4,13,17
2009-03-02,1,7,9,27
2009-03-03,0,7,12,19
2009-03-04,0,4,12,20
2009-03-05,0,2,19,30
2009-03-06,0,10,11,30
2009-03-07,1,5,22,24
2009-03-08,0,13,9,26
2009-03-09,0,6,15,21
2009-03-10,0,4,12,24
2009-03-11,0,10,9,13
2009-03-12,0,9,22,21
2009-03-13,0,4,25,38
2009-03-14,0,5,8,21
2009-03-15,0,5,9,20
2009-03-16,0,9,14,25
2009-03-17,1,7,19,28
2009-03-18,0,6,14,21
2009-03-19,0,8,21,17
2009-03-20,0,8,23,29
2009-03-21,0,12,14,29
2009-03-22,2,11,18,20
2009-03-23,0,5,19,11
2009-03-24,0,14,21,27
2009-03-25,0,6,25,25
2009-03-26,0,5,22,16
2009-03-27,0,4,23,31
2009-03-28,0,2,13,36
2009-03-29,0,8,17,21
2009-03-30,0,7,11,27
2009-03-31,0,7,19,22
2009-04-01,0,5,13,38
2009-04-02,0,9,13,33
2009-04-03,0,8,21,28
2009-04-04,0,13,11,31
2009-04-05,1,3,19,17
2009-04-06,0,3,18,13
2009-04-07,0,7,20,19
2009-04-08,0,7,20,17
2009-04-09,1,7,17,14
2009-04-10,1,6,25,24
2009-04-11,0,13,6,18
2009-04-12,0,11,8,16
2009-04-13,1,5,17,18
2009-04-14,0,8,17,21
2009-04-15,0,2,19,17
2009-04-16,0,7,16,26
2009-04-17,0,5,25,31
2009-04-18,0,9,26,30
2009-04-19,0,9,11,31
2009-04-20,0,7,31,22
2009-04-21,0,7,14,33
2009-04-22,0,4,20,24
2009-04-23,0,5,18,16
2009-04-24,0,6,20,21
2009-04-25,0,11,9,35
2009-04-26,0,6,6,18
2009-04-27,0,6,18,21
2009-04-28,0,4,27,29
2009-04-29,0,6,27,33
2009-04-30,0,10,18,28
2009-05-01,0,7,18,35
2009-05-02,0,5,9,30
2009-05-03,0,1,4,25
2009-05-04,0,8,13,30
2009-05-05,0,11,16,29
2009-05-06,1,7,19,19
2009-05-07,0,3,17,37
2009-05-08,0,10,20,25
2009-05-09,2,5,20,32
2009-05-10,0,11,17,29
2009-05-11,1,2,24,30
2009-05-12,0,7,20,30
2009-05-13,0,3,16,25
2009-05-14,0,9,21,28
2009-05-15,0,5,19,30
2009-05-16,0,7,6,28
2009-05-17,0,5,15,25
2009-05-18,0,5,23,24
2009-05-19,0,6,15,26
2009-05-20,0,7,28,35
2009-05-21,0,7,20,27
2009-05-22,0,8,25,53
2009-05-23,0,7,13,38
2009-05-24,0,8,12,21
2009-05-25,0,12,17,23
2009-05-26,2,6,18,25
2009-05-27,0,4,19,28
2009-05-28,1,5,27,26
2009-05-29,0,10,26,33
2009-05-30,0,6,19,31
2009-05-31,0,7,14,32
2009-06-01,0,4,22,31
2009-06-02,2,13,19,36
2009-06-03,0,5,21,25
2009-06-04,0,8,21,36
2009-06-05,0,7,27,44
2009-06-06,0,4,25,33
2009-06-07,2,9,8,33
2009-06-08,2,14,20,39
2009-06-09,0,6,26,26
2009-06-10,0,7,17,29
2009-06-11,0,6,20,43
2009-06-12,0,2,27,34
2009-06-13,0,8,16,33
2009-06-14,0,8,7,27
2009-06-15,0,8,16,32
2009-06-16,0,7,19,33
2009-06-17,0,6,30,29
2009-06-18,0,15,17,32
2009-06-19,0,7,27,29
2009-06-20,0,10,20,36
2009-06-21,0,6,10,21
2009-06-22,0,4,21,26
2009-06-23,1,8,22,41
2009-06-24,0,7,25,37
2009-06-25,0,7,30,24
2009-06-26,0,11,29,31
2009-06-27,0,8,9,35
2009-06-28,1,9,16,30
2009-06-29,0,4,30,36
2009-06-30,1,5,22,30
2009-07-01,0,6,21,31
2009-07-02,0,5,34,21
2009-07-03,0,4,23,28
2009-07-04,1,15,24,20
2009-07-05,0,7,9,29
2009-07-06,0,3,12,23
2009-07-07,0,7,28,27
2009-07-08,1,10,19,21
2009-07-09,0,5,36,35
2009-07-10,0,3,32,28
2009-07-11,1,15,12,24
2009-07-12,0,13,7,21
2009-07-13,0,4,29,33
2009-07-14,0,8,19,31
2009-07-15,0,6,25,42
2009-07-16,0,8,18,39
2009-07-17,0,8,17,32
2009-07-18,0,10,17,26
2009-07-19,0,7,17,36
2009-07-20,0,6,19,38
2009-07-21,0,7,26,27
2009-07-22,0,4,17,31
2009-07-23,1,5,22,23
2009-07-24,0,6,26,44
2009-07-25,1,12,16,27
2009-07-26,0,16,11,19
2009-07-27,1,4,24,37
2009-07-28,1,10,19,36
2009-07-29,0,7,18,31
2009-07-30,0,11,16,26
2009-07-31,0,8,21,32
2009-08-01,0,19,29,26
2009-08-02,0,9,14,32
2009-08-03,0,2,16,34
2009-08-04,0,7,23,26
2009-08-05,0,6,25,44
2009-08-06,0,8,14,29
2009-08-07,0,5,27,19
2009-08-08,0,10,15,22
2009-08-09,0,10,21,33
2009-08-10,1,9,21,18
2009-08-11,0,5,14,29
2009-08-12,0,1,21,26
2009-08-13,1,3,17,34
2009-08-14,1,7,27,30
2009-08-15,0,6,16,34
2009-08-16,1,4,18,25
2009-08-17,0,4,17,24
2009-08-18,0,6,23,26
2009-08-19,0,5,25,34
2009-08-20,1,0,22,34
2009-08-21,0,1,21,27
2009-08-22,0,6,16,31
2009-08-23,0,11,12,26
2009-08-24,0,8,22,29
2009-08-25,0,2,21,28
2009-08-26,0,4,19,33
2009-08-27,0,5,23,30
2009-08-28,0,1,23,27
2009-08-29,0,8,11,29
2009-08-30,0,1,19,20
2009-08-31,0,9,16,35
2009-09-01,1,6,18,36
2009-09-02,0,3,16,26
2009-09-03,0,6,24,33
2009-09-04,0,8,15,23
2009-09-05,0,8,9,42
2009-09-06,0,7,12,20
2009-09-07,0,11,10,19
2009-09-08,0,12,10,25
2009-09-09,0,10,17,27
2009-09-10,0,8,11,22
2009-09-11,0,4,13,26
2009-09-12,0,10,16,19
2009-09-13,1,5,12,20
2009-09-14,0,6,10,23
2009-09-15,0,8,19,36
2009-09-16,0,9,16,29
2009-09-17,0,4,18,30
2009-09-18,1,5,20,38
2009-09-19,0,7,18,37
2009-09-20,0,2,6,27
2009-09-21,0,1,18,32
2009-09-22,0,2,11,32
2009-09-23,0,5,10,26
2009-09-24,0,4,24,23
2009-09-25,1,6,12,28
2009-09-26,0,5,14,24
2009-09-27,0,9,13,26
2009-09-28,0,2,26,30
2009-09-29,0,7,25,26
2009-09-30,1,8,20,23
2009-10-01,0,4,19,22
2009-10-02,1,10,18,27
2009-10-03,0,9,12,20
2009-10-04,0,10,10,27
2009-10-05,0,6,11,26
2009-10-06,0,7,14,37
2009-10-07,0,8,16,29
2009-10-08,0,5,16,22
2009-10-09,0,9,19,26
2009-10-10,1,9,19,35
2009-10-11,1,9,10,25
2009-10-12,0,6,15,31
2009-10-13,0,0,13,28
2009-10-14,0,6,15,32
2009-10-15,0,9,16,33
2009-10-16,0,5,24,19
2009-10-17,0,4,15,36
2009-10-18,0,7,10,21
2009-10-19,1,11,12,22
2009-10-20,0,3,18,29
2009-10-21,0,1,21,28
2009-10-22,1,6,17,26
2009-10-23,0,10,16,28
2009-10-24,1,5,14,39
2009-10-25,1,3,19,26
2009-10-26,0,10,30,31
2009-10-27,1,4,15,27
2009-10-28,0,5,14,30
2009-10-29,0,4,21,37
2009-10-30,0,6,18,29
2009-10-31,0,4,22,50
2009-11-01,0,9,8,39
2009-11-02,0,1,16,27
2009-11-03,0,3,15,37
2009-11-04,0,4,19,34
2009-11-05,0,4,17,29
2009-11-06,0,6,26,16
2009-11-07,0,6,6,42
2009-11-08,0,2,11,28
2009-11-09,0,8,21,28
2009-11-10,0,6,22,34
2009-11-11,0,5,11,38
2009-11-12,0,7,20,37
2009-11-13,0,3,20,48
2009-11-14,0,10,12,31
2009-11-15,0,4,15,20
2009-11-16,0,3,20,28
2009-11-17,0,3,23,48
2009-11-18,0,3,22,29
2009-11-19,0,3,21,34
2009-11-20,0,6,17,40
2009-11-21,0,8,21,38
2009-11-22,0,7,8,23
2009-11-23,0,5,21,25
2009-11-24,0,7,22,28
2009-11-25,0,5,28,20
2009-11-26,0,7,22,11
2009-11-27,0,5,16,30
2009-11-28,0,8,21,21
2009-11-29,0,5,10,21
2009-11-30,0,8,37,33
2009-12-01,0,9,25,30
2009-12-02,0,8,21,39
2009-12-03,0,6,17,43
2009-12-04,1,10,26,42
2009-12-05,0,8,22,34
2009-12-06,0,10,14,36
2009-12-07,0,3,23,31
2009-12-08,1,2,22,24
2009-12-09,0,4,25,34
2009-12-10,0,2,23,32
2009-12-11,0,4,24,30
2009-12-12,0,2,15,30
2009-12-13,1,8,22,14
2009-12-14,0,3,22,27
2009-12-15,0,5,33,23
2009-12-16,0,7,19,19
2009-12-17,0,7,17,27
2009-12-18,0,3,27,24
2009-12-19,0,9,14,25
2009-12-20,0,2,17,22
2009-12-21,0,3,20,32
2009-12-22,0,4,22,32
2009-12-23,0,8,23,30
2009-12-24,0,4,18,15
2009-12-25,0,2,9,11
2009-12-26,1,4,9,22
2009-12-27,1,7,13,10
2009-12-28,0,4,14,27
2009-12-29,0,3,15,23
2009-12-30,0,5,18,42
2009-12-31,0,5,18,27
2010-01-01,0,11,23,33
2010-01-02,1,6,21,36
2010-01-03,1,3,5,20
2010-01-04,0,4,20,27
2010-01-05,1,5,19,16
2010-01-06,0,3,21,16
2010-01-07,0,4,11,23
2010-01-08,1,5,7,17
2010-01-09,0,6,11,20
2010-01-10,0,6,6,9
2010-01-11,0,4,20,16
2010-01-12,0,4,23,19
2010-01-13,0,5,19,27
2010-01-14,0,1,22,19
2010-01-15,0,6,18,26
2010-01-16,0,6,16,21
2010-01-17,0,7,7,27
2010-01-18,0,5,9,18
2010-01-19,0,6,22,23
2010-01-20,0,8,13,16
2010-01-21,0,5,12,20
2010-01-22,1,5,23,22
2010-01-23,0,11,16,28
2010-01-24,0,6,7,15
2010-01-25,2,5,13,25
2010-01-26,0,2,19,18
2010-01-27,0,6,18,13
2010-01-28,0,4,11,23
2010-01-29,0,6,13,21
2010-01-30,0,7,13,28
2010-01-31,0,5,9,18
2010-02-01,0,4,15,14
2010-02-02,0,4,20,17
2010-02-03,0,9,12,19
2010-02-04,0,5,14,16
2010-02-05,0,3,12,20
2010-02-06,0,7,18,24
2010-02-07,0,5,9,10
2010-02-08,0,3,16,14
2010-02-09,0,6,11,15
2010-02-10,1,6,13,20
2010-02-11,0,5,5,11
2010-02-12,0,2,11,13
2010-02-13,0,2,4,18
2010-02-14,0,6,6,16
2010-02-15,0,2,11,13
2010-02-16,0,4,11,8
2010-02-17,0,9,16,22
2010-02-18,0,4,12,10
2010-02-19,1,7,11,19
2010-02-20,0,3,13,13
2010-02-21,0,7,9,13
2010-02-22,0,5,15,23
2010-02-23,0,3,17,19
2010-02-24,0,10,18,9
2010-02-25,0,3,11,24
2010-02-26,1,2,16,31
2010-02-27,0,11,13,20
2010-02-28,0,8,16,10
2010-03-01,1,12,19,24
2010-03-02,0,9,6,19
2010-03-03,1,4,19,18
2010-03-04,1,7,12,17
2010-03-05,0,8,23,14
2010-03-06,0,11,8,24
2010-03-07,0,12,8,12
2010-03-08,0,3,15,17
2010-03-09,0,5,18,11
2010-03-10,0,1,24,16
2010-03-11,0,1,10,35
2010-03-12,0,7,14,39
2010-03-13,0,6,15,27
2010-03-14,0,7,8,26
2010-03-15,1,3,17,29
2010-03-16,0,8,10,16
2010-03-17,1,6,13,12
2010-03-18,1,5,15,26
2010-03-19,0,11,19,16
2010-03-20,0,8,20,26
2010-03-21,0,7,10,15
2010-03-22,1,2,15,20
2010-03-23,0,8,13,24
2010-03-24,0,13,13,24
2010-03-25,0,1,10,27
2010-03-26,0,4,12,21
2010-03-27,0,7,8,30
2010-03-28,1,7,14,21
2010-03-29,0,3,17,21
2010-03-30,0,8,16,22
2010-03-31,0,4,14,26
2010-04-01,0,2,16,36
2010-04-02,0,11,14,24
2010-04-03,0,10,18,23
2010-04-04,0,9,10,22
2010-04-05,1,4,19,16
2010-04-06,0,8,18,20
2010-04-07,0,8,26,26
2010-04-08,0,7,13,29
2010-04-09,0,3,16,24
2010-04-10,1,20,15,31
2010-04-11,0,7,13,24
2010-04-12,0,3,14,21
2010-04-13,0,3,15,24
2010-04-14,0,4,23,20
2010-04-15,0,4,16,33
2010-04-16,1,5,12,30
2010-04-17,0,13,13,25
2010-04-18,0,10,16,17
2010-04-19,1,8,9,18
2010-04-20,0,10,17,31
2010-04-21,0,3,15,30
2010-04-22,2,6,15,18
2010-04-23,0,7,24,19
2010-04-24,0,6,16,30
2010-04-25,1,8,17,23
2010-04-26,0,9,17,15
2010-04-27,0,5,17,24
2010-04-28,0,4,26,24
2010-04-29,1,4,18,33
2010-04-30,0,7,20,17
2010-05-01,0,4,16,34
2010-05-02,0,12,13,9
2010-05-03,0,4,15,23
2010-05-04,0,8,8,21
2010-05-05,0,5,22,21
2010-05-06,0,7,11,18
2010-05-07,0,9,25,18
2010-05-08,1,3,12,22
2010-05-09,0,7,18,14
2010-05-10,0,3,17,21
2010-05-11,0,7,15,23
2010-05-12,0,7,16,16
2010-05-13,0,6,16,20
2010-05-14,0,3,23,27
2010-05-15,0,10,18,25
2010-05-16,0,9,16,23
2010-05-17,0,10,15,27
2010-05-18,0,4,14,25
2010-05-19,0,9,25,36
2010-05-20,0,3,29,21
2010-05-21,0,4,22,24
2010-05-22,1,7,16,35
2010-05-23,0,7,9,21
2010-05-24,1,7,19,39
2010-05-25,0,7,20,22
2010-05-26,0,5,15,31
2010-05-27,0,10,17,31
2010-05-28,0,11,19,30
2010-05-29,0,10,26,26
2010-05-30,1,5,9,28
2010-05-31,0,7,16,26
2010-06-01,0,8,24,25
2010-06-02,0,5,11,31
2010-06-03,0,4,19,27
2010-06-04,0,6,14,30
2010-06-05,1,7,11,29
2010-06-06,1,9,9,13
2010-06-07,1,5,6,27
2010-06-08,0,7,22,28
2010-06-09,0,6,17,32
2010-06-10,0,1,17,16
2010-06-11,1,8,20,23
2010-06-12,0,8,16,21
2010-06-13,0,6,17,22
2010-06-14,0,9,14,27
2010-06-15,1,5,11,23
2010-06-16,0,5,12,25
2010-06-17,0,5,16,15
2010-06-18,0,7,13,31
2010-06-19,0,8,16,32
2010-06-20,0,9,10,20
2010-06-21,0,10,14,29
2010-06-22,0,4,16,27
2010-06-23,0,4,13,23
2010-06-24,0,8,20,17
2010-06-25,0,7,23,28
2010-06-26,0,8,13,40
2010-06-27,0,8,13,27
2010-06-28,0,5,17,33
2010-06-29,1,9,16,26
2010-06-30,0,11,12,26
2010-07-01,1,9,19,16
2010-07-02,0,10,15,31
2010-07-03,0,10,16,22
2010-07-04,0,10,15,17
2010-07-05,0,8,12,18
2010-07-06,1,6,19,25
2010-07-07,0,3,13,18
2010-07-08,0,10,17,17
2010-07-09,0,6,14,22
2010-07-10,0,9,16,18
2010-07-11,1,4,7,21
2010-07-12,0,10,15,22
2010-07-13,0,7,26,29
2010-07-14,2,9,17,20
2010-07-15,0,9,18,23
2010-07-16,0,6,18,25
2010-07-17,0,9,15,18
2010-07-18,0,12,10,21
2010-07-19,0,7,23,23
2010-07-20,0,7,16,30
2010-07-21,0,5,29,31
2010-07-22,0,2,20,22
2010-07-23,0,11,18,21
2010-07-24,0,7,14,32
2010-07-25,0,7,15,27
2010-07-26,0,5,24,25
2010-07-27,0,3,15,22
2010-07-28,2,8,16,35
2010-07-29,0,9,12,21
2010-07-30,0,6,22,22
2010-07-31,0,5,21,29
2010-08-01,0,5,9,25
2010-08-02,1,8,20,17
2010-08-03,0,6,20,21
2010-08-04,0,8,26,21
2010-08-05,0,6,13,14
2010-08-06,1,3,20,19
2010-08-07,1,9,10,30
2010-08-08,0,6,10,21
2010-08-09,0,5,20,19
2010-08-10,0,8,17,22
2010-08-11,0,4,18,22
2010-08-12,1,8,11,28
2010-08-13,1,9,14,13
2010-08-14,0,10,18,29
2010-08-15,0,9,14,22
2010-08-16,0,4,17,20
2010-08-17,1,7,20,13
2010-08-18,0,7,16,25
2010-08-19,0,6,18,22
2010-08-20,0,5,27,34
2010-08-21,0,5,17,25
2010-08-22,0,7,11,27
2010-08-23,0,5,14,30
2010-08-24,0,12,17,18
2010-08-25,0,5,22,29
2010-08-26,0,7,22,28
2010-08-27,0,5,20,31
2010-08-28,1,9,11,22
2010-08-29,2,3,10,21
2010-08-30,0,1,21,29
2010-08-31,0,10,12,26
2010-09-01,0,7,22,26
2010-09-02,1,6,15,14
2010-09-03,0,7,21,25
2010-09-04,0,11,22,29
2010-09-05,2,7,18,32
2010-09-06,1,9,14,19
2010-09-07,0,8,21,24
2010-09-08,0,9,13,18
2010-09-09,1,4,12,25
2010-09-10,0,8,17,23
2010-09-11,0,4,9,31
2010-09-12,0,9,11,15
2010-09-13,1,4,20,22
2010-09-14,1,10,20,33
2010-09-15,0,6,13,23
2010-09-16,0,3,18,20
2010-09-17,0,6,19,23
2010-09-18,0,9,15,24
2010-09-19,0,5,6,30
2010-09-20,1,6,17,18
2010-09-21,1,10,20,17
2010-09-22,0,2,16,15
2010-09-23,0,11,14,23
2010-09-24,0,5,24,21
2010-09-25,0,11,16,16
2010-09-26,0,10,8,16
2010-09-27,0,6,21,20
2010-09-28,1,12,22,30
2010-09-29,0,3,22,23
2010-09-30,0,3,15,21
2010-10-01,0,5,25,23
2010-10-02,0,4,15,37
2010-10-03,1,6,10,16
2010-10-04,0,7,12,19
2010-10-05,0,5,17,24
2010-10-06,0,4,15,24
2010-10-07,0,3,20,19
2010-10-08,3,4,20,28
2010-10-09,1,5,9,21
2010-10-10,1,6,13,21
2010-10-11,0,6,22,27
2010-10-12,0,9,17,36
2010-10-13,0,7,10,36
2010-10-14,0,5,14,33
2010-10-15,0,9,26,32
2010-10-16,0,15,12,28
2010-10-17,0,3,10,28
2010-10-18,0,8,22,40
2010-10-19,0,7,20,23
2010-10-20,0,11,20,37
2010-10-21,0,6,15,32
2010-10-22,0,10,18,37
2010-10-23,0,12,18,27
2010-10-24,0,13,11,32
2010-10-25,0,8,18,35
2010-10-26,0,10,21,35
2010-10-27,0,12,16,30
2010-10-28,0,5,23,32
2010-10-29,0,3,19,33
2010-10-30,1,4,13,28
2010-10-31,3,10,6,24
2010-11-01,1,12,27,24
2010-11-02,1,9,15,31
2010-11-03,0,10,14,25
2010-11-04,0,7,14,30
2010-11-05,0,7,19,20
2010-11-06,0,7,21,27
2010-11-07,0,12,8,21
2010-11-08,0,2,15,27
2010-11-09,0,5,18,24
2010-11-10,1,4,15,27
2010-11-11,0,4,24,32
2010-11-12,0,11,12,24
2010-11-13,0,7,12,36
2010-11-14,0,9,12,29
2010-11-15,0,7,13,30
2010-11-16,0,2,23,30
2010-11-17,0,6,18,30
2010-11-18,1,7,16,26
2010-11-19,0,7,26,23
2010-11-20,0,3,15,24
2010-11-21,0,6,12,13
2010-11-22,1,7,23,29
2010-11-23,0,4,25,28
2010-11-24,0,5,33,33
2010-11-25,0,4,28,16
2010-11-26,0,4,16,16
2010-11-27,0,6,17,26
2010-11-28,0,6,13,27
2010-11-29,1,6,19,26
2010-11-30,0,2,20,22
2010-12-01,1,6,24,21
2010-12-02,0,3,19,28
2010-12-03,0,3,19,42
2010-12-04,0,7,16,42
2010-12-05,0,10,11,19
2010-12-06,0,5,24,27
2010-12-07,1,5,17,34
2010-12-08,0,2,19,19
2010-12-09,0,5,16,22
2010-12-10,0,2,13,32
2010-12-11,0,3,12,29
2010-12-12,0,7,12,11
2010-12-13,0,4,18,27
2010-12-14,0,6,26,18
2010-12-15,0,9,18,24
2010-12-16,0,6,15,28
2010-12-17,0,8,27,26
2010-12-18,1,12,13,29
2010-12-19,0,9,10,20
2010-12-20,0,6,27,21
2010-12-21,1,6,13,30
2010-12-22,1,6,11,30
2010-12-23,0,5,22,26
2010-12-24,0,7,23,18
2010-12-25,0,5,11,8
2010-12-26,1,7,8,12
2010-12-27,0,3,18,35
2010-12-28,0,4,15,17
2010-12-29,0,2,10,26
2010-12-30,0,4,18,24
2010-12-31,0,8,15,18
2011-01-01,0,17,18,20
2011-01-02,0,4,16,16
2011-01-03,1,5,14,34
2011-01-04,1,7,22,26
2011-01-05,0,9,22,30
2011-01-06,0,4,17,22
2011-01-07,0,4,27,21
2011-01-08,0,5,18,21
2011-01-09,0,4,15,18
2011-01-10,0,1,5,11
2011-01-11,0,2,5,16
2011-01-12,0,2,7,22
2011-01-13,1,9,10,20
2011-01-14,1,5,17,20
2011-01-15,0,5,6,19
2011-01-16,0,4,11,20
2011-01-17,0,4,10,24
2011-01-18,0,5,22,25
2011-01-19,0,2,13,23
2011-01-20,1,5,7,32
2011-01-21,0,5,18,21
2011-01-22,0,2,9,14
2011-01-23,0,3,9,17
2011-01-24,0,6,14,27
2011-01-25,0,7,10,30
2011-01-26,0,3,12,24
2011-01-27,0,2,11,18
2011-01-28,0,11,15,19
2011-01-29,0,3,4,15
2011-01-30,0,4,15,18
2011-01-31,0,3,14,17
2011-02-01,1,4,12,20
2011-02-02,0,8,12,19
2011-02-03,0,7,5,12
2011-02-04,0,7,8,12
2011-02-05,0,7,7,18
2011-02-06,0,3,4,12
2011-02-07,1,1,9,16
2011-02-08,0,7,5,18
2011-02-09,0,4,12,26
2011-02-10,0,8,17,24
2011-02-11,0,7,15,13
2011-02-12,0,5,7,18
2011-02-13,0,7,9,12
2011-02-14,0,9,14,18
2011-02-15,0,9,9,14
2011-02-16,0,1,9,17
2011-02-17,0,4,11,19
2011-02-18,0,4,10,24
2011-02-19,0,8,13,16
2011-02-20,0,3,7,29
2011-02-21,0,4,16,21
2011-02-22,0,8,12,24
2011-02-23,0,0,15,10
2011-02-24,1,5,22,17
2011-02-25,0,4,14,25
2011-02-26,0,9,7,17
2011-02-27,0,13,8,11
2011-02-28,0,10,14,22
2011-03-01,0,4,15,18
2011-03-02,1,3,7,22
2011-03-03,0,5,8,24
2011-03-04,0,3,14,22
2011-03-05,0,0,12,25
2011-03-06,0,5,4,19
2011-03-07,0,9,14,27
2011-03-08,0,4,11,21
2011-03-09,0,8,9,27
2011-03-10,0,1,14,29
2011-03-11,1,5,9,23
2011-03-12,0,10,12,27
2011-03-13,0,10,5,18
2011-03-14,0,3,14,16
2011-03-15,0,5,11,15
2011-03-16,0,8,13,18
2011-03-17,0,7,20,16
2011-03-18,0,3,11,24
2011-03-19,0,5,13,24
2011-03-20,1,4,12,15
2011-03-21,1,6,14,30
2011-03-22,0,5,10,16
2011-03-23,0,7,11,18
2011-03-24,0,6,18,23
2011-03-25,0,8,8,27
2011-03-26,1,8,11,27
2011-03-27,0,3,10,30
2011-03-28,1,5,16,28
2011-03-29,0,6,19,38
2011-03-30,0,9,21,33
2011-03-31,0,6,20,33
2011-04-01,1,4,17,28
2011-04-02,0,10,12,27
2011-04-03,1,8,14,27
2011-04-04,0,5,12,21
2011-04-05,0,1,14,23
2011-04-06,0,10,17,24
2011-04-07,0,8,20,32
2011-04-08,0,5,17,33
2011-04-09,0,5,12,22
2011-04-10,0,3,8,25
2011-04-11,0,7,21,25
2011-04-12,1,6,12,26
2011-04-13,0,5,24,33
2011-04-14,1,8,13,13
2011-04-15,0,5,21,35
2011-04-16,0,14,9,21
2011-04-17,0,7,9,18
2011-04-18,0,8,17,20
2011-04-19,0,6,13,23
2011-04-20,0,7,18,17
2011-04-21,0,5,14,25
2011-04-22,0,5,20,25
2011-04-23,1,5,11,20
2011-04-24,1,3,7,14
2011-04-25,0,12,22,16
2011-04-26,0,5,14,13
2011-04-27,0,4,18,26
2011-04-28,0,6,15,18
2011-04-29,0,4,14,28
2011-04-30,1,8,15,24
2011-05-01,2,7,8,23
2011-05-02,0,9,23,23
2011-05-03,0,11,18,28
2011-05-04,0,8,10,22
2011-05-05,0,6,13,21
2011-05-06,1,9,20,29
2011-05-07,0,16,15,22
2011-05-08,1,8,6,18
2011-05-09,0,6,15,13
2011-05-10,0,8,14,27
2011-05-11,0,12,28,27
2011-05-12,1,12,11,22
2011-05-13,0,5,21,21
2011-05-14,0,8,7,34
2011-05-15,0,7,7,16
2011-05-16,0,9,18,30
2011-05-17,0,3,19,26
2011-05-18,0,7,17,19
2011-05-19,0,5,13,16
2011-05-20,0,7,25,20
2011-05-21,0,5,13,32
2011-05-22,1,12,8,26
2011-05-23,0,10,20,18
2011-05-24,1,11,15,27
2011-05-25,1,3,13,21
2011-05-26,0,3,18,22
2011-05-27,0,4,27,22
2011-05-28,0,8,15,34
2011-05-29,0,8,8,18
2011-05-30,0,5,19,20
2011-05-31,0,8,18,19
2011-06-01,1,6,20,27
2011-06-02,0,4,24,13
2011-06-03,0,6,18,18
2011-06-04,0,5,10,22
2011-06-05,0,12,16,15
2011-06-06,0,14,19,25
2011-06-07,0,6,21,14
2011-06-08,0,5,17,17
2011-06-09,0,12,13,15
2011-06-10,0,10,18,22
2011-06-11,0,5,12,11
2011-06-12,1,7,12,20
2011-06-13,1,6,14,15
2011-06-14,0,3,19,25
2011-06-15,0,5,15,23
2011-06-16,0,3,12,23
2011-06-17,1,10,28,31
2011-06-18,0,7,23,31
2011-06-19,0,9,15,19
2011-06-20,0,5,16,27
2011-06-21,0,2,16,14
2011-06-22,0,7,18,23
2011-06-23,0,5,22,19
2011-06-24,1,3,20,23
2011-06-25,1,8,12,26
2011-06-26,0,7,11,16
2011-06-27,0,4,15,20
2011-06-28,1,10,20,17
2011-06-29,1,5,23,24
2011-06-30,0,5,20,28
2011-07-01,0,10,21,24
2011-07-02,0,6,13,25
2011-07-03,0,10,18,30
2011-07-04,1,9,12,17
2011-07-05,0,9,16,23
2011-07-06,0,6,15,21
2011-07-07,0,5,17,25
2011-07-08,0,7,15,24
2011-07-09,1,8,14,23
2011-07-10,0,5,11,23
2011-07-11,0,9,17,21
2011-07-12,0,10,17,23
2011-07-13,0,7,12,17
2011-07-14,0,3,22,13
2011-07-15,1,8,27,19
2011-07-16,0,8,12,30
2011-07-17,0,7,9,25
2011-07-18,0,8,20,25
2011-07-19,0,3,17,20
2011-07-20,0,6,18,19
2011-07-21,1,6,21,35
2011-07-22,0,7,24,25
2011-07-23,1,8,19,31
2011-07-24,0,4,15,23
2011-07-25,0,6,18,33
2011-07-26,0,7,21,31
2011-07-27,0,8,19,24
2011-07-28,0,8,21,15
2011-07-29,0,5,23,18
2011-07-30,1,10,8,29
2011-07-31,0,7,15,23
2011-08-01,0,15,39,19
2011-08-02,0,3,26,13
2011-08-03,0,4,11,26
2011-08-04,0,8,24,13
2011-08-05,0,9,16,26
2011-08-06,0,4,22,19
2011-08-07,0,10,18,17
2011-08-08,0,6,19,17
2011-08-09,0,4,22,19
2011-08-10,1,8,20,16
2011-08-11,0,7,17,20
2011-08-12,0,9,27,23
2011-08-13,0,6,18,27
2011-08-14,0,8,9,17
2011-08-15,0,5,25,29
2011-08-16,1,5,14,15
2011-08-17,0,3,23,17
2011-08-18,0,3,19,19
2011-08-19,1,8,25,18
2011-08-20,0,11,15,20
2011-08-21,0,8,10,23
2011-08-22,0,10,18,15
2011-08-23,0,2,21,18
2011-08-24,0,8,26,38
2011-08-25,0,5,14,19
2011-08-26,0,3,26,23
2011-08-27,0,5,22,23
2011-08-28,1,6,16,18
2011-08-29,0,4,14,25
2011-08-30,0,10,15,16
2011-08-31,0,9,21,23
2011-09-01,0,8,19,32
2011-09-02,0,7,19,24
2011-09-03,1,14,22,25
2011-09-04,0,14,10,26
2011-09-05,0,5,11,17
2011-09-06,0,5,13,26
2011-09-07,0,4,19,20
2011-09-08,1,3,14,16
2011-09-09,1,4,32,21
2011-09-10,0,8,15,25
2011-09-11,0,12,13,13
2011-09-12,0,6,19,26
2011-09-13,1,8,14,12
2011-09-14,0,8,21,12
2011-09-15,0,5,20,18
2011-09-16,0,7,14,27
2011-09-17,0,6,17,28
2011-09-18,1,6,9,19
2011-09-19,0,10,17,15
2011-09-20,0,1,17,18
2011-09-21,0,7,18,24
2011-09-22,0,10,15,28
2011-09-23,0,8,16,21
2011-09-24,0,10,11,28
2011-09-25,0,6,8,19
2011-09-26,0,9,11,16
2011-09-27,0,11,18,19
2011-09-28,0,3,16,15
2011-09-29,0,9,12,18
2011-09-30,0,9,20,22
2011-10-01,1,7,9,18
2011-10-02,0,5,9,21
2011-10-03,0,6,13,27
2011-10-04,0,7,10,15
2011-10-05,0,7,16,16
2011-10-06,1,7,19,25
2011-10-07,0,6,18,15
2011-10-08,0,7,13,26
2011-10-09,0,6,11,39
2011-10-10,0,4,22,22
2011-10-11,0,3,11,19
2011-10-12,0,5,12,37
2011-10-13,0,5,18,15
2011-10-14,1,9,17,19
2011-10-15,2,4,17,30
2011-10-16,0,8,5,29
2011-10-17,0,3,15,22
2011-10-18,0,6,19,31
2011-10-19,0,6,17,24
2011-10-20,0,5,15,21
2011-10-21,0,3,15,27
2011-10-22,0,6,10,29
2011-10-23,0,7,14,29
2011-10-24,0,5,19,20
2011-10-25,0,7,19,15
2011-10-26,0,3,16,24
2011-10-27,0,5,15,18
2011-10-28,0,2,14,31
2011-10-29,0,7,11,32
2011-10-30,1,4,7,18
2011-10-31,0,3,25,23
2011-11-01,0,6,21,19
2011-11-02,0,7,12,18
2011-11-03,0,8,7,10
2011-11-04,1,4,16,23
2011-11-05,1,7,14,27
2011-11-06,0,6,10,20
2011-11-07,0,6,15,14
2011-11-08,0,5,12,20
2011-11-09,0,8,16,15
2011-11-10,0,3,16,23
2011-11-11,0,5,22,22
2011-11-12,1,1,13,29
2011-11-13,1,9,8,29
2011-11-14,0,4,13,16
2011-11-15,1,5,24,27
2011-11-16,0,4,15,24
2011-11-17,0,8,13,28
2011-11-18,0,6,16,27
2011-11-19,0,10,18,22
2011-11-20,0,8,9,23
2011-11-21,0,8,9,22
2011-11-22,0,3,19,19
2011-11-23,1,3,26,17
2011-11-24,0,7,16,12
2011-11-25,0,5,13,37
2011-11-26,0,8,15,25
2011-11-27,0,7,12,21
2011-11-28,1,4,15,19
2011-11-29,0,7,15,17
2011-11-30,0,7,20,19
2011-12-01,0,5,16,22
2011-12-02,1,4,19,18
2011-12-03,0,4,12,26
2011-12-04,1,6,6,25
2011-12-05,0,7,28,16
2011-12-06,0,7,19,28
2011-12-07,0,7,16,25
2011-12-08,0,6,21,33
2011-12-09,0,5,18,27
2011-12-10,1,10,11,24
2011-12-11,0,4,5,19
2011-12-12,0,4,20,21
2011-12-13,0,6,11,17
2011-12-14,1,8,22,29
2011-12-15,1,6,23,19
2011-12-16,1,10,24,25
2011-12-17,0,10,14,16
2011-12-18,0,5,15,10
2011-12-19,0,5,26,21
2011-12-20,1,5,21,23
2011-12-21,0,1,14,21
2011-12-22,0,5,17,16
2011-12-23,0,4,18,26
2011-12-24,0,6,24,22
2011-12-25,1,6,12,10
2011-12-26,0,4,7,23
2011-12-27,0,3,16,13
2011-12-28,0,5,13,16
2011-12-29,1,7,8,12
2011-12-30,1,1,17,16
2011-12-31,0,10,12,27
2012-01-01,0,3,17,20
2012-01-02,0,1,19,26
2012-01-03,0,5,9,23
2012-01-04,1,5,16,21
2012-01-05,0,5,14,22
2012-01-06,0,5,12,24
2012-01-07,0,6,18,28
2012-01-08,0,9,8,18
2012-01-09,0,4,17,29
2012-01-10,0,3,22,20
2012-01-11,0,7,11,28
2012-01-12,0,3,15,19
2012-01-13,1,5,19,24
2012-01-14,1,10,11,19
2012-01-15,0,3,11,19
2012-01-16,0,7,14,15
2012-01-17,0,4,17,22
2012-01-18,0,5,14,26
2012-01-19,0,4,12,14
2012-01-20,0,1,11,14
2012-01-21,0,4,13,21
2012-01-22,0,6,4,25
2012-01-23,0,3,7,21
2012-01-24,0,1,14,23
2012-01-25,1,1,6,16
2012-01-26,0,3,14,18
2012-01-27,0,10,17,14
2012-01-28,1,8,10,17
2012-01-29,0,6,2,15
2012-01-30,0,3,11,23
2012-01-31,0,4,11,22
2012-02-01,0,4,8,23
2012-02-02,0,11,8,23
2012-02-03,0,10,4,17
2012-02-04,0,7,7,19
2012-02-05,0,4,10,30
2012-02-06,0,2,10,26
2012-02-07,0,3,11,14
2012-02-08,0,3,10,8
2012-02-09,0,3,8,17
2012-02-10,0,6,9,13
2012-02-11,0,6,6,19
2012-02-12,1,9,2,20
2012-02-13,1,3,10,19
2012-02-14,0,8,8,14
2012-02-15,0,3,9,14
2012-02-16,0,4,15,13
2012-02-17,0,6,12,18
2012-02-18,0,9,12,20
2012-02-19,0,7,2,21
2012-02-20,0,6,9,24
2012-02-21,0,7,9,17
2012-02-22,2,10,12,17
2012-02-23,0,6,14,17
2012-02-24,0,8,12,15
2012-02-25,0,3,9,17
2012-02-26,0,6,8,17
2012-02-27,0,8,12,17
2012-02-28,0,4,9,14
2012-02-29,0,4,11,26
2012-03-01,0,2,22,7
2012-03-02,0,9,8,23
2012-03-03,1,6,7,26
2012-03-04,0,5,8,22
2012-03-05,1,5,13,19
2012-03-06,0,6,13,13
2012-03-07,0,8,7,14
2012-03-08,0,3,5,13
2012-03-09,1,5,9,30
2012-03-10,1,11,6,25
2012-03-11,0,7,4,12
2012-03-12,0,7,9,18
2012-03-13,0,5,9,14
2012-03-14,1,8,13,22
2012-03-15,0,5,4,16
2012-03-16,0,11,18,17
2012-03-17,1,8,13,40
2012-03-18,0,9,5,19
2012-03-19,0,9,10,16
2012-03-20,0,4,9,25
2012-03-21,0,11,21,24
2012-03-22,0,4,6,19
2012-03-23,0,5,14,31
2012-03-24,1,9,8,21
2012-03-25,0,11,7,17
2012-03-26,2,10,20,29
2012-03-27,1,3,10,19
2012-03-28,0,6,13,26
2012-03-29,0,6,11,20
2012-03-30,0,7,11,30
2012-03-31,0,5,10,28
2012-04-01,0,9,10,20
2012-04-02,0,5,12,18
2012-04-03,0,12,10,27
2012-04-04,0,5,12,31
2012-04-05,1,6,11,25
2012-04-06,0,7,15,28
2012-04-07,0,7,14,24
2012-04-08,0,6,11,8
2012-04-09,0,4,8,19
2012-04-10,0,3,11,23
2012-04-11,0,3,18,16
2012-04-12,0,6,15,25
2012-04-13,0,3,13,33
2012-04-14,0,9,5,26
2012-04-15,0,13,6,16
2012-04-16,0,6,8,13
2012-04-17,0,9,17,21
2012-04-18,0,5,6,23
2012-04-19,0,3,7,17
2012-04-20,1,6,14,36
2012-04-21,0,11,10,32
2012-04-22,0,5,10,31
2012-04-23,1,2,19,26
2012-04-24,0,7,16,17
2012-04-25,0,3,9,25
2012-04-26,0,6,10,18
2012-04-27,0,8,9,18
2012-04-28,0,9,10,25
2012-04-29,0,11,8,16
2012-04-30,1,11,13,18
2012-05-01,0,7,11,25
2012-05-02,0,4,14,12
2012-05-03,0,9,13,27
2012-05-04,0,10,9,18
2012-05-05,1,12,9,29
2012-05-06,0,14,13,13
2012-05-07,0,10,15,21
2012-05-08,0,9,9,23
2012-05-09,1,9,10,23
2012-05-10,0,8,9,26
2012-05-11,0,5,15,17
2012-05-12,0,11,10,32
2012-05-13,0,7,6,21
2012-05-14,0,11,7,28
2012-05-15,0,13,13,22
2012-05-16,0,9,13,17
2012-05-17,0,8,12,20
2012-05-18,1,5,15,28
2012-05-19,0,3,8,35
2012-05-20,0,4,5,19
2012-05-21,0,4,14,33
2012-05-22,1,5,18,24
2012-05-23,0,8,8,16
2012-05-24,0,5,13,26
2012-05-25,0,5,17,29
2012-05-26,0,7,8,21
2012-05-27,0,13,7,25
2012-05-28,1,10,7,20
2012-05-29,0,7,18,16
2012-05-30,0,14,17,21
2012-05-31,0,6,11,21
2012-06-01,0,5,14,24
2012-06-02,0,5,7,33
2012-06-03,0,11,8,29
2012-06-04,0,3,9,16
2012-06-05,1,8,12,24
2012-06-06,0,6,12,22
2012-06-07,0,7,16,29
2012-06-08,0,5,13,26
2012-06-09,0,8,14,33
2012-06-10,0,2,9,23
2012-06-11,0,5,14,33
2012-06-12,0,8,17,21
2012-06-13,1,3,16,19
2012-06-14,0,6,16,22
2012-06-15,1,5,6,24
2012-06-16,0,5,12,32
2012-06-17,0,3,9,18
2012-06-18,1,5,9,21
2012-06-19,0,11,16,23
2012-06-20,1,6,19,24
2012-06-21,0,3,15,19
2012-06-22,0,8,15,26
2012-06-23,1,2,16,23
2012-06-24,0,9,9,21
2012-06-25,0,19,15,19
2012-06-26,0,8,14,25
2012-06-27,0,6,18,17
2012-06-28,0,8,13,23
2012-06-29,1,7,15,25
2012-06-30,0,6,5,17
2012-07-01,0,5,19,22
2012-07-02,0,8,12,25
2012-07-03,1,4,14,18
2012-07-04,0,6,6,16
2012-07-05,0,7,13,21
2012-07-06,0,5,13,13
2012-07-07,0,9,13,30
2012-07-08,0,8,14,20
2012-07-09,0,3,13,22
2012-07-10,0,4,18,25
2012-07-11,0,8,12,26
2012-07-12,0,1,11,40
2012-07-13,0,2,9,30
2012-07-14,1,11,7,16
2012-07-15,0,10,10,22
2012-07-16,1,3,10,22
2012-07-17,1,10,12,23
2012-07-18,0,0,11,30
2012-07-19,0,9,11,26
2012-07-20,0,1,22,27
2012-07-21,0,9,6,18
2012-07-22,0,9,12,23
2012-07-23,1,6,13,30
2012-07-24,0,5,9,29
2012-07-25,1,4,20,29
2012-07-26,1,6,12,23
2012-07-27,0,7,23,30
2012-07-28,0,8,12,27
2012-07-29,0,6,10,22
2012-07-30,0,8,20,27
2012-07-31,0,8,12,23
2012-08-01,0,8,21,32
2012-08-02,0,6,16,30
2012-08-03,1,9,21,27
2012-08-04,0,4,22,31
2012-08-05,0,6,15,8
2012-08-06,0,8,16,24
2012-08-07,1,8,12,14
2012-08-08,0,7,14,19
2012-08-09,0,6,13,30
2012-08-10,1,11,21,38
2012-08-11,0,9,9,18
2012-08-12,0,8,7,12
2012-08-13,0,6,14,19
2012-08-14,0,5,10,21
2012-08-15,0,6,26,29
2012-08-16,2,6,19,19
2012-08-17,0,4,22,19
2012-08-18,0,6,13,27
2012-08-19,2,9,12,24
2012-08-20,0,7,20,21
2012-08-21,0,7,22,29
2012-08-22,0,9,21,21
2012-08-23,0,6,13,22
2012-08-24,0,2,17,26
2012-08-25,0,7,10,21
2012-08-26,0,12,14,13
2012-08-27,0,10,20,20
2012-08-28,0,4,12,23
2012-08-29,0,12,12,26
2012-08-30,0,9,17,35
2012-08-31,0,9,22,37
2012-09-01,0,3,16,23
2012-09-02,0,6,9,24
2012-09-03,0,4,18,12
2012-09-04,0,7,16,22
2012-09-05,0,4,9,23
2012-09-06,0,7,21,24
2012-09-07,1,7,28,33
2012-09-08,0,7,9,27
2012-09-09,0,7,8,29
2012-09-10,0,4,23,17
2012-09-11,0,8,10,18
2012-09-12,0,6,14,38
2012-09-13,0,9,18,18
2012-09-14,0,4,20,28
2012-09-15,0,4,13,32
2012-09-16,0,9,7,20
2012-09-17,0,3,12,25
2012-09-18,0,7,17,20
2012-09-19,0,1,19,15
2012-09-20,0,7,13,25
2012-09-21,0,1,14,24
2012-09-22,0,10,8,21
2012-09-23,0,9,9,15
2012-09-24,0,4,11,18
2012-09-25,0,11,10,24
2012-09-26,0,5,14,19
2012-09-27,2,7,18,12
2012-09-28,0,7,19,19
2012-09-29,0,7,8,37
2012-09-30,0,7,12,22
2012-10-01,0,5,7,21
2012-10-02,0,10,7,14
2012-10-03,0,6,12,34
2012-10-04,0,3,12,18
2012-10-05,2,12,17,28
2012-10-06,1,5,15,25
2012-10-07,0,2,13,15
2012-10-08,1,1,10,19
2012-10-09,0,8,10,14
2012-10-10,0,8,15,25
2012-10-11,0,3,21,15
2012-10-12,0,5,25,29
2012-10-13,2,12,14,25
2012-10-14,1,10,11,21
2012-10-15,0,7,20,24
2012-10-16,1,6,14,19
2012-10-17,0,5,10,12
2012-10-18,0,4,23,14
2012-10-19,0,3,18,20
2012-10-20,1,2,11,22
2012-10-21,0,5,6,17
2012-10-22,1,2,22,15
2012-10-23,0,8,12,19
2012-10-24,0,6,12,17
2012-10-25,0,3,22,24
2012-10-26,0,8,13,22
2012-10-27,0,8,8,25
2012-10-28,0,5,8,24
2012-10-29,0,6,14,24
2012-10-30,0,4,19,28
2012-10-31,0,6,8,28
2012-11-01,0,5,20,25
2012-11-02,1,2,16,19
2012-11-03,1,9,6,29
2012-11-04,0,7,8,22
2012-11-05,0,6,16,22
2012-11-06,0,5,16,26
2012-11-07,0,2,16,18
2012-11-08,0,2,16,20
2012-11-09,0,7,14,24
2012-11-10,0,4,12,26
2012-11-11,0,6,11,25
2012-11-12,2,6,12,26
2012-11-13,0,4,9,31
2012-11-14,0,10,10,22
2012-11-15,0,3,14,24
2012-11-16,0,6,16,26
2012-11-17,0,2,4,26
2012-11-18,0,5,8,19
2012-11-19,0,5,16,23
2012-11-20,0,1,14,24
2012-11-21,0,4,13,20
2012-11-22,0,2,12,16
2012-11-23,0,1,16,18
2012-11-24,0,4,12,29
2012-11-25,0,3,10,22
2012-11-26,0,3,10,30
2012-11-27,0,2,13,20
2012-11-28,1,4,13,26
2012-11-29,0,3,11,24
2012-11-30,0,9,15,12
2012-12-01,0,13,15,22
2012-12-02,0,8,14,22
2012-12-03,0,2,17,14
2012-12-04,0,5,11,23
2012-12-05,0,8,17,16
2012-12-06,0,6,13,24
2012-12-07,0,3,16,23
2012-12-08,1,5,14,25
2012-12-09,0,6,1,15
2012-12-10,0,6,20,25
2012-12-11,1,3,14,17
2012-12-12,0,2,15,32
2012-12-13,0,6,16,21
2012-12-14,0,5,14,22
2012-12-15,0,6,17,34
2012-12-16,0,2,4,16
2012-12-17,0,7,27,25
2012-12-18,0,8,24,24
2012-12-19,0,5,16,29
2012-12-20,1,6,22,31
2012-12-21,1,0,17,19
2012-12-22,0,6,16,26
2012-12-23,0,7,14,13
2012-12-24,2,4,16,21
2012-12-25,0,6,8,14
2012-12-26,1,4,8,18
2012-12-27,0,3,14,21
2012-12-28,0,3,14,28
2012-12-29,0,8,8,28
2012-12-30,0,2,13,27
2012-12-31,0,8,13,22
2013-01-01,1,11,22,16
2013-01-02,1,8,20,23
2013-01-03,0,0,11,21
2013-01-04,0,5,25,23
2013-01-05,0,6,18,25
2013-01-06,0,4,8,15
2013-01-07,0,2,10,20
2013-01-08,0,4,12,17
2013-01-09,0,5,14,24
2013-01-10,0,7,10,22
2013-01-11,1,9,16,22
2013-01-12,1,7,8,22
2013-01-13,0,3,9,31
2013-01-14,1,4,8,24
2013-01-15,0,9,19,11
2013-01-16,1,7,14,12
2013-01-17,0,6,13,25
2013-01-18,0,5,6,23
2013-01-19,0,7,13,31
2013-01-20,0,6,10,28
2013-01-21,0,3,6,24
2013-01-22,0,6,13,22
2013-01-23,0,9,15,11
2013-01-24,0,4,14,22
2013-01-25,0,6,18,28
2013-01-26,0,4,17,27
2013-01-27,0,3,16,14
2013-01-28,0,3,21,24
2013-01-29,0,6,18,15
2013-01-30,0,6,14,21
2013-01-31,0,7,13,19
2013-02-01,0,5,18,20
2013-02-02,0,3,6,21
2013-02-03,0,2,11,24
2013-02-04,1,5,11,23
2013-02-05,0,8,6,24
2013-02-06,0,5,14,19
2013-02-07,0,2,15,16
2013-02-08,0,3,12,18
2013-02-09,0,2,5,21
2013-02-10,1,6,7,9
2013-02-11,1,5,9,23
2013-02-12,0,5,13,10
2013-02-13,0,5,12,27
2013-02-14,1,3,9,26
2013-02-15,0,6,12,22
2013-02-16,0,4,7,11
2013-02-17,1,4,7,18
2013-02-18,0,5,5,19
2013-02-19,0,5,13,19
2013-02-20,0,5,12,16
2013-02-21,1,5,14,19
2013-02-22,1,7,13,21
2013-02-23,0,4,8,33
2013-02-24,0,7,5,8
2013-02-25,0,4,8,14
2013-02-26,0,4,8,15
2013-02-27,0,0,11,15
2013-02-28,0,4,6,16
2013-03-01,0,4,17,24
2013-03-02,0,5,10,15
2013-03-03,0,3,7,14
2013-03-04,0,6,12,15
2013-03-05,0,5,10,22
2013-03-06,0,3,5,14
2013-03-07,0,2,11,15
2013-03-08,0,5,5,22
2013-03-09,0,10,14,25
2013-03-10,0,2,3,14
2013-03-11,0,6,7,21
2013-03-12,0,3,13,18
2013-03-13,0,5,20,17
2013-03-14,0,8,11,20
2013-03-15,0,1,21,18
2013-03-16,1,5,4,22
2013-03-17,1,10,7,12
2013-03-18,0,3,10,17
2013-03-19,0,6,12,23
2013-03-20,0,4,10,21
2013-03-21,0,7,8,28
2013-03-22,0,9,14,25
2013-03-23,0,4,8,28
2013-03-24,0,6,6,25
2013-03-25,0,7,13,15
2013-03-26,0,4,7,18
2013-03-27,0,9,11,20
2013-03-28,0,6,13,16
2013-03-29,1,6,17,23
2013-03-30,0,7,8,38
2013-03-31,0,8,9,13
2013-04-01,0,10,10,19
2013-04-02,0,7,9,18
2013-04-03,0,7,8,22
2013-04-04,1,3,8,19
2013-04-05,0,4,14,19
2013-04-06,0,5,17,31
2013-04-07,0,6,9,21
2013-04-08,0,3,8,23
2013-04-09,0,7,2,18
2013-04-10,0,3,5,27
2013-04-11,0,4,11,32
2013-04-12,1,4,9,28
2013-04-13,0,6,5,26
2013-04-14,0,6,12,20
2013-04-15,0,5,12,20
2013-04-16,0,7,12,24
2013-04-17,1,6,18,23
2013-04-18,0,3,17,14
2013-04-19,0,4,11,31
2013-04-20,1,7,10,27
2013-04-21,0,9,8,19
2013-04-22,0,8,16,21
2013-04-23,0,7,12,18
2013-04-24,0,9,13,28
2013-04-25,0,6,15,27
2013-04-26,1,9,19,16
2013-04-27,0,7,11,36
2013-04-28,0,2,5,18
2013-04-29,0,4,12,24
2013-04-30,0,8,14,13
2013-05-01,0,9,19,26
2013-05-02,0,1,11,24
2013-05-03,0,6,18,37
2013-05-04,0,3,12,38
2013-05-05,0,6,9,30
2013-05-06,0,2,15,38
2013-05-07,2,8,13,23
2013-05-08,1,3,15,26
2013-05-09,0,5,20,32
2013-05-10,0,7,19,27
2013-05-11,0,7,7,21
2013-05-12,0,8,8,24
2013-05-13,0,5,21,27
2013-05-14,0,8,14,16
2013-05-15,0,9,25,23
2013-05-16,0,8,11,20
2013-05-17,1,9,22,25
2013-05-18,1,5,4,26
2013-05-19,0,8,8,28
2013-05-20,0,2,13,17
2013-05-21,0,7,12,20
2013-05-22,0,5,13,21
2013-05-23,0,10,17,26
2013-05-24,1,2,21,13
2013-05-25,1,8,19,19
2013-05-26,0,2,7,20
2013-05-27,0,10,11,18
2013-05-28,0,2,16,33
2013-05-29,1,4,17,30
2013-05-30,0,4,9,21
2013-05-31,0,8,19,25
2013-06-01,0,8,9,28
2013-06-02,0,7,8,20
2013-06-03,0,10,12,11
2013-06-04,0,7,8,24
2013-06-05,0,4,14,37
2013-06-06,0,6,10,19
2013-06-07,1,6,19,36
2013-06-08,0,7,21,28
2013-06-09,1,8,4,16
2013-06-10,0,8,18,19
2013-06-11,0,7,8,14
2013-06-12,0,10,13,28
2013-06-13,1,6,17,32
2013-06-14,0,1,18,32
2013-06-15,0,12,12,34
2013-06-16,0,11,7,34
2013-06-17,1,4,6,17
2013-06-18,0,0,17,24
2013-06-19,0,3,11,31
2013-06-20,0,5,15,21
2013-06-21,0,5,13,21
2013-06-22,2,6,13,30
2013-06-23,0,5,11,18
2013-06-24,0,5,13,16
2013-06-25,0,4,22,23
2013-06-26,0,4,11,21
2013-06-27,0,6,14,17
2013-06-28,1,10,12,33
2013-06-29,0,13,10,18
2013-06-30,0,8,11,23
2013-07-01,0,7,21,17
2013-07-02,1,6,12,19
2013-07-03,0,6,12,20
2013-07-04,0,6,18,10
2013-07-05,1,7,9,21
2013-07-06,1,4,15,22
2013-07-07,0,8,6,24
2013-07-08,0,6,7,24
2013-07-09,0,5,13,21
2013-07-10,0,3,11,31
2013-07-11,0,3,9,27
2013-07-12,0,11,8,32
2013-07-13,0,10,12,36
2013-07-14,1,11,17,28
2013-07-15,1,3,11,26
2013-07-16,1,4,10,31
2013-07-17,0,6,11,30
2013-07-18,0,6,17,31
2013-07-19,0,1,18,39
2013-07-20,0,11,6,30
2013-07-21,0,5,11,23
2013-07-22,0,8,16,33
2013-07-23,0,2,11,32
2013-07-24,0,7,18,32
2013-07-25,0,5,14,28
2013-07-26,0,5,17,35
2013-07-27,0,7,11,32
2013-07-28,0,2,8,41
2013-07-29,0,9,11,25
2013-07-30,0,4,15,30
2013-07-31,0,7,11,31
2013-08-01,0,8,13,35
2013-08-02,0,9,15,29
2013-08-03,1,9,9,34
2013-08-04,0,2,8,33
2013-08-05,2,6,10,25
2013-08-06,0,8,12,20
2013-08-07,0,5,11,34
2013-08-08,0,8,17,37
2013-08-09,0,6,13,36
2013-08-10,0,6,8,19
2013-08-11,0,6,8,21
2013-08-12,2,3,14,22
2013-08-13,1,4,10,21
2013-08-14,0,3,17,31
2013-08-15,0,3,13,25
2013-08-16,0,7,9,47
2013-08-17,0,6,12,28
2013-08-18,0,3,8,24
2013-08-19,0,4,11,26
2013-08-20,0,6,18,33
2013-08-21,0,6,12,23
2013-08-22,0,6,8,19
2013-08-23,0,2,10,35
2013-08-24,0,3,12,29
2013-08-25,0,6,9,20
2013-08-26,0,10,7,26
2013-08-27,1,4,9,30
2013-08-28,0,3,14,22
2013-08-29,1,4,12,21
2013-08-30,1,6,13,39
2013-08-31,0,9,7,36
2013-09-01,0,5,17,26
2013-09-02,0,11,13,25
2013-09-03,0,4,9,23
2013-09-04,0,4,13,26
2013-09-05,0,5,15,12
2013-09-06,0,4,13,33
2013-09-07,0,6,10,37
2013-09-08,0,5,6,18
2013-09-09,0,6,16,26
2013-09-10,0,15,7,29
2013-09-11,0,2,14,28
2013-09-12,0,10,16,23
2013-09-13,1,9,15,42
2013-09-14,0,3,13,24
2013-09-15,0,8,9,20
2013-09-16,0,8,17,15
2013-09-17,0,3,8,20
2013-09-18,0,2,5,26
2013-09-19,0,6,10,35
2013-09-20,0,2,21,38
2013-09-21,0,7,11,32
2013-09-22,1,4,5,22
2013-09-23,0,6,11,23
2013-09-24,0,8,22,29
2013-09-25,0,9,11,25
2013-09-26,0,3,7,27
2013-09-27,0,8,11,30
2013-09-28,1,11,15,44
2013-09-29,0,11,8,35
2013-09-30,0,5,7,30
2013-10-01,0,8,18,28
2013-10-02,0,4,10,22
2013-10-03,0,8,11,23
2013-10-04,0,4,23,24
2013-10-05,1,8,14,30
2013-10-06,0,4,8,24
2013-10-07,0,4,8,34
2013-10-08,1,3,14,18
2013-10-09,0,3,12,23
2013-10-10,0,3,10,20
2013-10-11,0,6,19,18
2013-10-12,1,10,12,40
2013-10-13,0,4,10,20
2013-10-14,1,3,6,25
2013-10-15,0,6,18,27
2013-10-16,0,4,15,26
2013-10-17,0,7,11,29
2013-10-18,0,5,17,30
2013-10-19,0,9,4,23
2013-10-20,0,6,5,19
2013-10-21,0,5,14,22
2013-10-22,1,3,14,14
2013-10-23,0,4,9,20
2013-10-24,0,1,16,23
2013-10-25,0,6,16,29
2013-10-26,0,4,10,40
2013-10-27,1,12,9,20
2013-10-28,0,6,12,27
2013-10-29,1,5,9,22
2013-10-30,0,11,11,25
2013-10-31,0,6,14,23
2013-11-01,1,7,14,36
2013-11-02,1,8,8,29
2013-11-03,0,4,6,14
2013-11-04,0,2,8,19
2013-11-05,0,3,12,28
2013-11-06,1,2,12,25
2013-11-07,0,4,12,16
2013-11-08,0,3,13,25
2013-11-09,0,5,10,22
2013-11-10,0,4,8,18
2013-11-11,0,10,9,27
2013-11-12,0,3,7,25
2013-11-13,0,4,7,18
2013-11-14,0,2,11,14
2013-11-15,0,5,22,19
2013-11-16,0,8,10,18
2013-11-17,0,6,3,28
2013-11-18,1,6,9,22
2013-11-19,0,3,11,21
2013-11-20,1,3,14,29
2013-11-21,1,8,12,32
2013-11-22,0,5,14,23
2013-11-23,0,3,13,26
2013-11-24,0,6,11,28
2013-11-25,1,1,15,23
2013-11-26,1,3,14,31
2013-11-27,0,5,10,29
2013-11-28,0,3,11,10
2013-11-29,0,4,10,39
2013-11-30,0,4,9,38
2013-12-01,1,9,7,29
2013-12-02,0,2,13,29
2013-12-03,0,2,15,22
2013-12-04,0,3,14,18
2013-12-05,0,1,9,32
2013-12-06,0,7,18,30
2013-12-07,0,3,8,25
2013-12-08,1,7,11,17
2013-12-09,0,6,11,35
2013-12-10,0,1,11,25
2013-12-11,0,6,5,15
2013-12-12,0,4,8,24
2013-12-13,0,6,18,35
2013-12-14,0,8,12,36
2013-12-15,0,2,7,24
2013-12-16,0,4,8,22
2013-12-17,0,6,12,20
2013-12-18,0,3,17,21
2013-12-19,0,7,6,20
2013-12-20,1,4,25,24
2013-12-21,0,5,12,32
2013-12-22,1,5,11,22
2013-12-23,0,6,17,22
2013-12-24,0,4,18,18
2013-12-25,0,5,14,5
2013-12-26,1,3,11,22
2013-12-27,0,3,14,30
2013-12-28,0,9,8,12
2013-12-29,0,4,15,14
2013-12-30,1,8,16,19
2013-12-31,0,12,17,29
2014-01-01,0,8,10,20
2014-01-02,0,2,19,11
2014-01-03,1,4,6,27
2014-01-04,0,6,7,24
2014-01-05,0,10,11,20
2014-01-06,0,3,13,18
2014-01-07,0,3,4,18
2014-01-08,2,4,17,18
2014-01-09,0,5,14,29
2014-01-10,0,7,19,31
2014-01-11,0,4,14,22
2014-01-12,0,5,11,19
2014-01-13,0,8,14,20
2014-01-14,0,2,13,22
2014-01-15,0,5,14,18
2014-01-16,0,3,10,18
2014-01-17,0,4,13,29
2014-01-18,0,3,14,23
2014-01-19,0,7,6,41
2014-01-20,0,5,9,12
2014-01-21,0,2,14,21
2014-01-22,0,3,7,18
2014-01-23,0,3,10,14
2014-01-24,0,5,8,16
2014-01-25,0,3,14,38
2014-01-26,0,6,2,20
2014-01-27,0,6,26,10
2014-01-28,1,3,18,20
2014-01-29,0,2,3,5
2014-01-30,1,5,6,11
2014-01-31,0,6,7,21
2014-02-01,0,6,12,18
2014-02-02,0,11,10,17
2014-02-03,0,6,21,13
2014-02-04,0,5,12,20
2014-02-05,0,4,6,19
2014-02-06,0,3,13,17
2014-02-07,0,4,16,23
2014-02-08,0,5,10,23
2014-02-09,0,5,9,11
2014-02-10,0,6,13,19
2014-02-11,0,2,6,11
2014-02-12,0,1,7,6
2014-02-13,0,0,5,10
2014-02-14,0,6,13,9
2014-02-15,0,3,5,15
2014-02-16,0,6,9,11
2014-02-17,0,4,7,14
2014-02-18,0,2,11,27
2014-02-19,0,3,6,17
2014-02-20,0,7,11,26
2014-02-21,0,3,7,18
2014-02-22,0,9,7,24
2014-02-23,0,5,4,19
2014-02-24,0,5,5,12
2014-02-25,0,4,13,18
2014-02-26,0,5,11,14
2014-02-27,0,2,6,9
2014-02-28,0,5,13,16
2014-03-01,0,1,5,20
2014-03-02,0,6,1,17
2014-03-03,1,7,7,16
2014-03-04,0,2,8,22
2014-03-05,0,2,7,20
2014-03-06,0,6,4,13
2014-03-07,0,2,5,13
2014-03-08,1,10,1,28
2014-03-09,2,7,5,19
2014-03-10,0,6,14,20
2014-03-11,1,9,4,12
2014-03-12,0,7,11,24
2014-03-13,0,4,11,22
2014-03-14,1,5,4,20
2014-03-15,0,10,10,24
2014-03-16,0,9,6,19
2014-03-17,0,5,8,23
2014-03-18,0,2,10,18
2014-03-19,0,4,12,17
2014-03-20,1,4,8,9
2014-03-21,0,5,6,22
2014-03-22,1,6,6,22
2014-03-23,0,8,3,15
2014-03-24,1,9,11,26
2014-03-25,0,6,11,31
2014-03-26,0,6,7,23
2014-03-27,0,7,11,26
2014-03-28,0,3,13,29
2014-03-29,0,7,7,26
2014-03-30,0,6,12,25
2014-03-31,0,10,14,13
2014-04-01,0,5,14,14
2014-04-02,0,5,5,26
2014-04-03,0,2,8,22
2014-04-04,0,5,13,12
2014-04-05,0,4,10,19
2014-04-06,0,6,10,27
2014-04-07,0,7,14,24
2014-04-08,0,7,11,19
2014-04-09,0,11,8,22
2014-04-10,0,6,20,25
2014-04-11,1,5,7,24
2014-04-12,0,4,10,26
2014-04-13,0,3,5,20
2014-04-14,0,5,13,19
2014-04-15,0,3,16,20
2014-04-16,0,2,9,21
2014-04-17,0,3,16,22
2014-04-18,0,7,13,25
2014-04-19,0,3,11,26
2014-04-20,0,5,6,18
2014-04-21,0,5,15,24
2014-04-22,0,1,12,25
2014-04-23,0,9,8,27
2014-04-24,0,7,7,19
2014-04-25,0,5,17,26
2014-04-26,0,8,5,32
2014-04-27,0,6,7,15
2014-04-28,0,8,13,26
2014-04-29,0,6,9,18
2014-04-30,0,7,14,21
2014-05-01,0,4,10,28
2014-05-02,0,3,10,25
2014-05-03,1,6,5,25
2014-05-04,0,5,8,23
2014-05-05,0,7,7,29
2014-05-06,0,7,11,27
2014-05-07,0,5,10,21
2014-05-08,0,4,10,22
2014-05-09,0,0,11,17
2014-05-10,0,7,10,28
2014-05-11,0,4,8,26
2014-05-12,0,3,9,22
2014-05-13,0,6,11,23
2014-05-14,0,5,11,25
2014-05-15,0,6,17,29
2014-05-16,0,1,10,26
2014-05-17,0,7,5,21
2014-05-18,0,3,2,23
2014-05-19,0,2,10,23
2014-05-20,1,6,11,22
2014-05-21,1,4,13,27
2014-05-22,0,8,10,16
2014-05-23,0,6,12,28
2014-05-24,0,11,7,34
2014-05-25,0,10,3,15
2014-05-26,0,7,16,20
2014-05-27,1,5,5,30
2014-05-28,0,4,12,23
2014-05-29,0,10,10,18
2014-05-30,0,6,8,21
2014-05-31,0,8,10,22
2014-06-01,0,6,12,25
2014-06-02,0,5,12,33
2014-06-03,1,3,15,18
2014-06-04,1,5,8,28
2014-06-05,1,5,15,23
2014-06-06,0,5,5,27
2014-06-07,0,5,12,40
2014-06-08,0,6,8,32
2014-06-09,0,6,11,28
2014-06-10,1,12,13,36
2014-06-11,0,4,11,30
2014-06-12,0,7,12,30
2014-06-13,1,4,22,26
2014-06-14,1,4,12,51
2014-06-15,2,8,9,23
2014-06-16,0,3,7,30
2014-06-17,0,5,8,38
2014-06-18,0,7,16,20
2014-06-19,0,3,12,27
2014-06-20,1,7,10,27
2014-06-21,0,8,7,15
2014-06-22,1,3,12,30
2014-06-23,0,2,19,28
2014-06-24,0,5,9,28
2014-06-25,0,4,5,25
2014-06-26,0,7,8,34
2014-06-27,0,10,7,29
2014-06-28,0,7,13,33
2014-06-29,0,3,9,25
2014-06-30,1,9,12,25
2014-07-01,1,9,17,30
2014-07-02,0,7,11,25
2014-07-03,1,3,15,32
2014-07-04,0,7,7,20
2014-07-05,0,11,12,24
2014-07-06,0,9,11,23
2014-07-07,0,7,8,30
2014-07-08,0,6,13,22
2014-07-09,0,4,6,23
2014-07-10,0,8,9,31
2014-07-11,0,7,20,26
2014-07-12,1,12,12,30
2014-07-13,0,6,11,31
2014-07-14,2,3,12,34
2014-07-15,1,15,9,36
2014-07-16,0,8,8,24
2014-07-17,0,4,12,22
2014-07-18,0,5,7,26
2014-07-19,0,8,7,24
2014-07-20,0,3,10,28
2014-07-21,0,2,9,28
2014-07-22,0,2,9,29
2014-07-23,0,4,11,29
2014-07-24,0,5,13,34
2014-07-25,0,6,14,21
2014-07-26,1,4,10,27
2014-07-27,1,4,8,30
2014-07-28,0,4,7,19
2014-07-29,0,5,10,15
2014-07-30,0,3,6,19
2014-07-31,0,6,9,26
2014-08-01,0,11,20,34
2014-08-02,1,11,14,38
2014-08-03,0,4,8,27
2014-08-04,0,6,14,19
2014-08-05,0,5,11,16
2014-08-06,0,2,13,16
2014-08-07,0,6,14,24
2014-08-08,0,5,14,22
2014-08-09,0,6,8,31
2014-08-10,0,4,10,21
2014-08-11,2,10,8,29
2014-08-12,0,6,15,29
2014-08-13,0,5,8,24
2014-08-14,0,13,9,21
2014-08-15,0,3,11,18
2014-08-16,0,13,6,22
2014-08-17,0,13,11,18
2014-08-18,0,4,11,26
2014-08-19,0,4,8,27
2014-08-20,0,7,5,30
2014-08-21,0,5,16,23
2014-08-22,0,8,8,28
2014-08-23,1,9,5,30
2014-08-24,1,4,7,26
2014-08-25,0,4,11,23
2014-08-26,0,8,11,20
2014-08-27,0,6,10,18
2014-08-28,0,6,16,27
2014-08-29,0,9,8,20
2014-08-30,1,4,6,39
2014-08-31,1,2,9,27
2014-09-01,1,10,13,30
2014-09-02,0,6,8,22
2014-09-03,0,7,15,27
2014-09-04,1,9,14,30
2014-09-05,0,1,14,23
2014-09-06,1,9,13,28
2014-09-07,1,5,12,30
2014-09-08,0,2,11,26
2014-09-09,0,7,12,33
2014-09-10,0,7,17,16
2014-09-11,0,6,9,25
2014-09-12,0,4,11,21
2014-09-13,0,3,7,26
2014-09-14,1,4,12,24
2014-09-15,0,2,11,27
2014-09-16,0,11,16,18
2014-09-17,0,7,13,16
2014-09-18,0,7,11,15
2014-09-19,0,5,17,28
2014-09-20,1,6,13,36
2014-09-21,1,6,17,23
2014-09-22,1,7,12,20
2014-09-23,1,7,11,7
2014-09-24,0,7,12,22
2014-09-25,0,9,11,18
2014-09-26,0,5,16,24
2014-09-27,0,4,9,31
2014-09-28,0,11,14,23
2014-09-29,0,11,14,19
2014-09-30,0,7,11,14
2014-10-01,0,8,21,21
2014-10-02,0,4,14,26
2014-10-03,0,3,13,33
2014-10-04,0,6,15,26
2014-10-05,0,4,3,15
2014-10-06,0,5,11,21
2014-10-07,0,2,14,17
2014-10-08,1,7,6,37
2014-10-09,2,5,15,22
2014-10-10,1,3,13,31
2014-10-11,0,10,15,21
2014-10-12,1,8,9,26
2014-10-13,0,7,12,23
2014-10-14,0,3,16,23
2014-10-15,1,3,7,27
2014-10-16,0,3,15,20
2014-10-17,0,3,19,26
2014-10-18,0,3,10,34
2014-10-19,0,4,6,20
2014-10-20,0,2,9,34
2014-10-21,0,5,9,22
2014-10-22,0,6,13,20
2014-10-23,0,3,11,25
2014-10-24,0,5,17,35
2014-10-25,0,7,4,24
2014-10-26,0,8,8,19
2014-10-27,0,4,8,33
2014-10-28,0,6,17,21
2014-10-29,0,7,17,26
2014-10-30,0,1,9,27
2014-10-31,0,6,9,36
2014-11-01,0,4,7,36
2014-11-02,0,7,6,34
2014-11-03,0,4,11,20
2014-11-04,0,5,18,28
2014-11-05,0,6,10,24
2014-11-06,0,4,15,20
2014-11-07,0,3,13,34
2014-11-08,0,6,16,43
2014-11-09,0,6,11,29
2014-11-10,0,3,16,29
2014-11-11,0,5,6,27
2014-11-12,0,4,21,26
2014-11-13,1,5,11,29
2014-11-14,0,2,13,25
2014-11-15,1,4,14,36
2014-11-16,1,3,9,25
2014-11-17,0,2,11,25
2014-11-18,0,3,14,38
2014-11-19,0,4,19,24
2014-11-20,1,4,11,25
2014-11-21,0,5,9,29
2014-11-22,1,6,16,40
2014-11-23,1,8,5,33
2014-11-24,0,3,11,28
2014-11-25,2,10,13,27
2014-11-26,0,8,22,20
2014-11-27,0,4,10,13
2014-11-28,0,7,18,25
2014-11-29,1,3,6,27
2014-11-30,0,10,9,33
2014-12-01,0,7,6,25
2014-12-02,0,4,18,28
2014-12-03,0,5,11,25
2014-12-04,1,1,13,24
2014-12-05,0,3,19,38
2014-12-06,0,10,4,36
2014-12-07,0,4,10,24
2014-12-08,0,2,13,23
2014-12-09,0,0,9,30
2014-12-10,0,5,12,29
2014-12-11,0,6,11,33
2014-12-12,0,2,17,37
2014-12-13,0,9,6,41
2014-12-14,2,3,4,34
2014-12-15,0,3,12,37
2014-12-16,0,7,20,30
2014-12-17,0,4,17,31
2014-12-18,0,6,14,22
2014-12-19,0,5,11,33
2014-12-20,0,5,15,30
2014-12-21,0,11,7,26
2014-12-22,0,3,15,28
2014-12-23,0,8,18,31
2014-12-24,0,1,13,29
2014-12-25,1,4,4,11
2014-12-26,0,5,7,36
2014-12-27,0,5,10,39
2014-12-28,0,4,10,27
2014-12-29,0,7,6,26
2014-12-30,0,6,8,25
2014-12-31,0,8,3,36
2015-01-01,0,5,12,21
2015-01-02,0,3,6,43
2015-01-03,0,7,12,31
2015-01-04,0,2,7,28
2015-01-05,0,3,9,34
2015-01-06,0,3,8,14
2015-01-07,0,5,6,21
2015-01-08,0,3,10,19
2015-01-09,1,8,9,34
2015-01-10,0,2,9,24
2015-01-11,0,7,5,20
2015-01-12,0,3,14,29
2015-01-13,0,1,12,12
2015-01-14,1,7,10,17
2015-01-15,0,2,15,30
2015-01-16,0,1,12,29
2015-01-17,0,1,14,30
2015-01-18,1,5,7,33
2015-01-19,0,8,7,37
2015-01-20,0,5,14,23
2015-01-21,1,2,8,24
2015-01-22,0,6,8,30
2015-01-23,0,3,7,11
2015-01-24,0,3,7,35
2015-01-25,0,3,10,18
2015-01-26,1,5,15,18
2015-01-27,0,5,6,17
2015-01-28,1,4,13,22
2015-01-29,0,10,12,16
2015-01-30,0,5,9,12
2015-01-31,1,4,6,28
2015-02-01,0,4,11,27
2015-02-02,0,5,11,13
2015-02-03,0,3,2,17
2015-02-04,0,6,9,16
2015-02-05,1,6,9,13
2015-02-06,0,3,8,17
2015-02-07,0,6,12,30
2015-02-08,0,5,6,18
2015-02-09,0,5,3,26
2015-02-10,0,8,6,35
2015-02-11,0,1,11,21
2015-02-12,1,6,8,22
2015-02-13,0,6,12,21
2015-02-14,1,5,5,20
2015-02-15,0,4,2,13
2015-02-16,0,5,6,9
2015-02-17,0,3,1,17
2015-02-18,0,2,2,12
2015-02-19,1,7,6,11
2015-02-20,0,6,7,15
2015-02-21,0,11,4,24
2015-02-22,0,4,6,16
2015-02-23,0,3,11,16
2015-02-24,0,2,9,23
2015-02-25,0,2,5,3
2015-02-26,0,2,7,14
2015-02-27,0,4,8,34
2015-02-28,0,5,10,24
2015-03-01,0,6,9,24
2015-03-02,0,2,7,20
2015-03-03,0,4,3,18
2015-03-04,0,8,11,24
2015-03-05,0,4,11,26
2015-03-06,0,5,11,31
2015-03-07,1,10,3,23
2015-03-08,0,7,6,29
2015-03-09,0,5,8,23
2015-03-10,1,5,6,8
2015-03-11,0,3,6,14
2015-03-12,0,2,8,27
2015-03-13,0,1,12,18
2015-03-14,1,5,3,25
2015-03-15,0,4,7,25
2015-03-16,0,4,14,22
2015-03-17,0,4,8,15
2015-03-18,0,7,9,12
2015-03-19,0,7,4,12
2015-03-20,0,7,12,9
2015-03-21,0,6,8,21
2015-03-22,0,8,4,20
2015-03-23,0,8,7,11
2015-03-24,0,8,10,23
2015-03-25,0,10,12,19
2015-03-26,0,6,7,13
2015-03-27,0,6,5,30
2015-03-28,0,8,11,26
2015-03-29,0,5,3,15
2015-03-30,0,9,13,21
2015-03-31,0,4,9,13
2015-04-01,0,3,16,17
2015-04-02,1,5,14,27
2015-04-03,1,6,16,9
2015-04-04,0,10,12,14
2015-04-05,0,5,3,12
2015-04-06,0,6,17,12
2015-04-07,0,4,9,26
2015-04-08,0,6,12,26
2015-04-09,0,5,7,18
2015-04-10,0,15,14,25
2015-04-11,0,7,5,28
2015-04-12,0,6,9,12
2015-04-13,0,7,9,15
2015-04-14,0,5,13,27
2015-04-15,0,5,10,16
2015-04-16,0,7,7,24
2015-04-17,0,5,8,22
2015-04-18,0,9,5,19
2015-04-19,0,0,6,25
2015-04-20,0,6,14,28
2015-04-21,1,1,10,10
2015-04-22,1,5,9,16
2015-04-23,0,3,6,18
2015-04-24,0,6,5,20
2015-04-25,0,7,8,27
2015-04-26,2,10,2,17
2015-04-27,0,4,7,14
2015-04-28,0,8,11,17
2015-04-29,2,6,6,20
2015-04-30,0,7,11,19
2015-05-01,0,4,9,31
2015-05-02,0,3,7,25
2015-05-03,0,4,8,23
2015-05-04,1,4,10,25
2015-05-05,0,4,13,21
2015-05-06,1,2,7,32
2015-05-07,0,6,17,26
2015-05-08,0,4,15,23
2015-05-09,1,7,8,27
2015-05-10,0,9,4,23
2015-05-11,1,3,7,22
2015-05-12,0,5,19,33
2015-05-13,0,9,18,18
2015-05-14,2,5,11,28
2015-05-15,0,6,9,23
2015-05-16,1,8,6,25
2015-05-17,0,6,4,25
2015-05-18,0,2,19,23
2015-05-19,0,8,10,24
2015-05-20,1,8,12,18
2015-05-21,1,5,8,28
2015-05-22,1,3,12,34
2015-05-23,0,7,11,25
2015-05-24,0,11,6,26
2015-05-25,0,6,4,35
2015-05-26,0,1,14,22
2015-05-27,0,9,15,28
2015-05-28,0,2,12,31
2015-05-29,0,7,11,16
2015-05-30,0,4,10,25
2015-05-31,1,6,4,31
2015-06-01,0,4,7,14
2015-06-02,0,3,11,23
2015-06-03,0,5,10,18
2015-06-04,1,5,6,14
2015-06-05,0,2,12,35
2015-06-06,1,11,9,27
2015-06-07,0,4,4,23
2015-06-08,0,10,8,29
2015-06-09,1,8,4,31
2015-06-10,0,3,4,34
2015-06-11,0,3,6,31
2015-06-12,0,6,7,28
2015-06-13,0,5,11,26
2015-06-14,0,7,5,29
2015-06-15,1,4,8,18
2015-06-16,0,5,10,32
2015-06-17,0,4,14,19
2015-06-18,0,9,13,21
2015-06-19,0,9,10,28
2015-06-20,0,11,9,27
2015-06-21,0,6,8,37
2015-06-22,0,7,9,21
2015-06-23,0,2,13,36
2015-06-24,0,7,11,33
2015-06-25,0,8,13,28
2015-06-26,0,9,21,35
2015-06-27,0,6,8,39
2015-06-28,0,6,4,26
2015-06-29,0,6,8,19
2015-06-30,0,4,11,33
2015-07-01,1,8,7,27
2015-07-02,0,6,17,28
2015-07-03,1,3,12,24
2015-07-04,1,8,11,12
2015-07-05,1,8,2,21
2015-07-06,0,3,13,30
2015-07-07,0,2,9,28
2015-07-08,0,8,3,17
2015-07-09,2,5,7,20
2015-07-10,0,11,15,27
2015-07-11,1,11,7,26
2015-07-12,0,6,6,20
2015-07-13,0,3,12,28
2015-07-14,0,13,13,24
2015-07-15,0,10,9,32
2015-07-16,0,3,13,16
2015-07-17,0,5,12,24
2015-07-18,0,8,5,34
2015-07-19,0,1,6,29
2015-07-20,2,2,8,17
2015-07-21,1,3,5,19
2015-07-22,0,4,12,23
2015-07-23,0,4,6,19
2015-07-24,0,3,6,18
2015-07-25,0,4,7,29
2015-07-26,1,14,6,23
2015-07-27,1,8,17,30
2015-07-28,0,6,8,20
2015-07-29,0,4,8,31
2015-07-30,0,3,6,27
2015-07-31,0,5,9,25
2015-08-01,0,6,8,27
2015-08-02,0,11,3,23
2015-08-03,0,9,9,27
2015-08-04,0,8,8,25
2015-08-05,0,6,10,15
2015-08-06,0,9,4,27
2015-08-07,0,2,11,20
2015-08-08,0,11,5,22
2015-08-09,0,5,4,24
2015-08-10,0,6,12,33
2015-08-11,0,3,6,20
2015-08-12,0,6,7,18
2015-08-13,0,6,9,21
2015-08-14,0,8,7,33
2015-08-15,0,7,10,34
2015-08-16,0,10,3,35
2015-08-17,0,7,8,28
2015-08-18,0,5,7,27
2015-08-19,0,5,6,19
2015-08-20,0,1,13,25
2015-08-21,0,5,7,23
2015-08-22,0,8,5,33
2015-08-23,0,11,5,25
2015-08-24,0,6,8,26
2015-08-25,0,5,14,36
2015-08-26,0,8,12,24
2015-08-27,1,1,7,37
2015-08-28,0,8,13,28
2015-08-29,0,6,7,31
2015-08-30,1,5,12,26
2015-08-31,2,3,13,32
2015-09-01,1,4,13,26
2015-09-02,1,4,12,22
2015-09-03,0,4,6,27
2015-09-04,0,5,9,29
2015-09-05,0,8,5,42
2015-09-06,0,6,6,36
2015-09-07,0,9,4,28
2015-09-08,0,5,16,27
2015-09-09,0,3,9,25
2015-09-10,1,4,9,32
2015-09-11,0,5,14,30
2015-09-12,0,6,3,37
2015-09-13,0,5,9,21
2015-09-14,0,6,4,30
2015-09-15,0,5,11,31
2015-09-16,0,3,8,15
2015-09-17,0,6,6,23
2015-09-18,0,5,8,36
2015-09-19,0,8,7,24
2015-09-20,0,6,7,38
2015-09-21,0,10,12,25
2015-09-22,0,9,11,28
2015-09-23,1,2,6,17
2015-09-24,1,4,6,30
2015-09-25,1,4,8,34
2015-09-26,0,2,6,41
2015-09-27,0,10,5,28
2015-09-28,0,3,10,28
2015-09-29,0,3,14,26
2015-09-30,0,8,7,21
2015-10-01,1,9,16,11
2015-10-02,0,4,11,22
2015-10-03,0,8,9,19
2015-10-04,0,1,9,29
2015-10-05,0,5,8,19
2015-10-06,0,2,12,22
2015-10-07,1,9,10,23
2015-10-08,0,3,9,28
2015-10-09,0,4,11,28
2015-10-10,1,6,7,54
2015-10-11,0,4,7,26
2015-10-12,0,5,10,14
2015-10-13,1,3,8,24
2015-10-14,0,6,13,18
2015-10-15,0,1,5,27
2015-10-16,0,4,6,19
2015-10-17,0,7,7,30
2015-10-18,1,8,6,25
2015-10-19,0,8,7,24
2015-10-20,0,9,10,21
2015-10-21,0,4,7,50
2015-10-22,0,7,20,31
2015-10-23,1,5,10,31
2015-10-24,0,6,18,51
2015-10-25,0,8,6,24
2015-10-26,0,6,10,36
2015-10-27,0,2,14,37
2015-10-28,0,4,10,31
2015-10-29,0,1,6,28
2015-10-30,0,2,13,29
2015-10-31,0,8,9,34
2015-11-01,0,5,8,24
2015-11-02,0,4,12,15
2015-11-03,1,9,8,28
2015-11-04,0,2,9,35
2015-11-05,0,4,7,16
2015-11-06,0,7,7,27
2015-11-07,2,3,10,31
2015-11-08,0,2,4,18
2015-11-09,0,5,12,35
2015-11-10,0,2,14,20
2015-11-11,0,4,6,8
2015-11-12,0,3,11,25
2015-11-13,0,4,12,33
2015-11-14,0,6,2,26
2015-11-15,0,1,4,26
2015-11-16,0,7,14,20
2015-11-17,1,4,18,29
2015-11-18,0,4,10,37
2015-11-19,0,3,7,7
2015-11-20,0,4,14,24
2015-11-21,0,3,12,21
2015-11-22,0,7,7,24
2015-11-23,0,2,10,30
2015-11-24,0,4,8,21
2015-11-25,1,2,14,22
2015-11-26,0,8,8,15
2015-11-27,0,7,14,31
2015-11-28,0,5,6,34
2015-11-29,0,3,8,22
2015-11-30,0,6,11,28
2015-12-01,0,2,16,17
2015-12-02,0,2,15,26
2015-12-03,0,4,12,29
2015-12-04,1,6,16,28
2015-12-05,1,6,15,22
2015-12-06,0,4,6,23
2015-12-07,1,3,11,15
2015-12-08,0,4,14,23
2015-12-09,1,4,10,23
2015-12-10,0,4,17,16
2015-12-11,0,5,19,25
2015-12-12,0,7,9,25
2015-12-13,0,7,11,26
2015-12-14,0,2,19,23
2015-12-15,0,1,11,33
2015-12-16,0,5,18,29
2015-12-17,0,2,15,14
2015-12-18,0,4,21,15
2015-12-19,0,7,7,23
2015-12-20,0,4,21,21
2015-12-21,2,1,11,16
2015-12-22,0,6,8,19
2015-12-23,0,4,9,18
2015-12-24,0,5,11,22
2015-12-25,1,6,11,11
2015-12-26,1,4,9,17
2015-12-27,0,3,6,25
2015-12-28,0,6,12,11
2015-12-29,0,3,5,26
2015-12-30,0,3,15,23
2015-12-31,0,9,12,20
2016-01-01,1,6,6,23
2016-01-02,0,3,11,26
2016-01-03,0,4,3,26
2016-01-04,0,4,14,21
2016-01-05,0,4,8,26
2016-01-06,1,4,8,12
2016-01-07,0,6,13,17
2016-01-08,1,4,8,16
2016-01-09,0,1,7,27
2016-01-10,0,4,6,23
2016-01-11,0,5,10,18
2016-01-12,0,6,9,20
2016-01-13,1,4,13,18
2016-01-14,0,8,9,17
2016-01-15,0,3,17,24
2016-01-16,2,8,6,19
2016-01-17,0,9,5,29
2016-01-18,0,2,7,21
2016-01-19,1,3,10,13
2016-01-20,0,2,8,16
2016-01-21,0,0,13,13
2016-01-22,1,5,7,8
2016-01-23,1,8,9,22
2016-01-24,0,3,6,16
2016-01-25,0,2,10,26
2016-01-26,0,4,11,17
2016-01-27,0,6,17,23
2016-01-28,0,3,9,21
2016-01-29,0,1,10,29
2016-01-30,0,6,8,34
2016-01-31,0,5,9,27
2016-02-01,0,6,17,26
2016-02-02,0,2,10,14
2016-02-03,0,5,6,15
2016-02-04,0,2,10,16
2016-02-05,1,1,7,27
2016-02-06,0,5,7,28
2016-02-07,0,2,6,30
2016-02-08,0,2,6,26
2016-02-09,0,4,4,16
2016-02-10,0,4,6,17
2016-02-11,0,3,6,19
2016-02-12,0,6,7,39
2016-02-13,0,10,6,27
2016-02-14,0,6,4,18
2016-02-15,0,5,6,12
2016-02-16,0,1,5,19
2016-02-17,2,4,10,16
2016-02-18,0,1,13,24
2016-02-19,1,6,9,24
2016-02-20,1,5,5,30
2016-02-21,0,6,1,18
2016-02-22,0,5,6,34
2016-02-23,0,2,7,24
2016-02-24,0,2,3,19
2016-02-25,0,4,5,36
2016-02-26,0,4,8,15
2016-02-27,0,3,8,22
2016-02-28,0,6,11,17
2016-02-29,0,4,7,11
2016-03-01,0,4,5,19
2016-03-02,0,4,7,11
2016-03-03,0,7,9,22
2016-03-04,2,2,12,17
2016-03-05,0,5,6,31
2016-03-06,1,5,2,22
2016-03-07,1,6,12,18
2016-03-08,0,5,6,25
2016-03-09,0,1,5,18
2016-03-10,0,9,10,25
2016-03-11,1,4,14,17
2016-03-12,0,6,4,38
2016-03-13,0,6,8,24
2016-03-14,0,5,4,24
2016-03-15,1,6,10,11
2016-03-16,1,6,7,22
2016-03-17,0,7,5,15
2016-03-18,0,8,6,21
2016-03-19,1,4,8,22
2016-03-20,0,7,6,19
2016-03-21,0,3,5,11
2016-03-22,0,5,11,17
2016-03-23,0,6,9,13
2016-03-24,0,4,10,17
2016-03-25,1,10,5,21
2016-03-26,0,3,6,25
2016-03-27,0,3,5,14
2016-03-28,0,7,9,17
2016-03-29,0,11,9,13
2016-03-30,0,4,3,18
2016-03-31,0,1,12,17
2016-04-01,0,2,9,38
2016-04-02,1,7,7,21
2016-04-03,0,7,3,25
2016-04-04,0,5,11,26
2016-04-05,0,9,10,36
2016-04-06,1,1,6,35
2016-04-07,1,7,11,30
2016-04-08,0,4,10,18
2016-04-09,1,6,6,22
2016-04-10,1,6,5,25
2016-04-11,0,3,4,18
2016-04-12,0,3,5,22
2016-04-13,0,4,4,16
2016-04-14,0,4,3,23
2016-04-15,0,7,10,17
2016-04-16,0,2,6,21
2016-04-17,0,9,5,15
2016-04-18,0,2,5,14
2016-04-19,0,3,9,23
2016-04-20,2,3,5,25
2016-04-21,0,3,8,18
2016-04-22,0,3,5,27
2016-04-23,0,10,7,18
2016-04-24,1,3,5,21
2016-04-25,1,4,8,18
2016-04-26,0,4,8,16
2016-04-27,0,7,8,31
2016-04-28,0,5,8,31
2016-04-29,0,4,14,24
2016-04-30,0,5,2,13
2016-05-01,0,5,9,26
2016-05-02,1,3,5,16
2016-05-03,0,5,10,21
2016-05-04,0,5,11,15
2016-05-05,0,5,7,19
2016-05-06,1,4,8,16
2016-05-07,0,6,3,30
2016-05-08,0,9,8,11
2016-05-09,0,12,11,20
2016-05-10,0,7,5,18
2016-05-11,1,7,6,27
2016-05-12,0,3,13,26
2016-05-13,0,12,11,32
2016-05-14,0,5,8,31
2016-05-15,1,9,6,25
2016-05-16,0,3,4,17
2016-05-17,0,5,7,25
2016-05-18,0,5,11,27
2016-05-19,0,9,14,25
2016-05-20,1,4,9,23
2016-05-21,0,8,12,25
2016-05-22,0,3,2,23
2016-05-23,0,3,13,31
2016-05-24,0,4,11,19
2016-05-25,0,10,10,18
2016-05-26,0,6,8,22
2016-05-27,4,6,7,29
2016-05-28,0,3,6,24
2016-05-29,0,2,3,33
2016-05-30,1,7,7,39
2016-05-31,1,2,9,26
2016-06-01,1,3,10,23
2016-06-02,0,6,10,18
2016-06-03,0,8,7,20
2016-06-04,2,8,8,26
2016-06-05,0,3,5,18
2016-06-06,0,9,11,14
2016-06-07,0,3,7,21
2016-06-08,2,6,11,22
2016-06-09,0,4,9,25
2016-06-10,1,2,8,23
2016-06-11,0,8,9,24
2016-06-12,0,8,7,20
2016-06-13,1,6,10,27
2016-06-14,0,3,3,18
2016-06-15,0,9,9,39
2016-06-16,1,12,8,28
2016-06-17,0,1,7,28
2016-06-18,0,9,7,25
2016-06-19,0,9,11,24
2016-06-20,1,5,9,20
2016-06-21,0,9,9,22
2016-06-22,0,5,11,21
2016-06-23,0,6,10,16
2016-06-24,0,10,4,20
2016-06-25,1,4,4,18
2016-06-26,2,9,6,25
2016-06-27,0,1,8,20
2016-06-28,0,5,10,27
2016-06-29,0,6,12,28
2016-06-30,0,6,10,18
2016-07-01,1,10,12,22
2016-07-02,1,5,7,17
2016-07-03,0,6,15,28
2016-07-04,0,6,9,16
2016-07-05,1,6,16,22
2016-07-06,1,2,13,21
2016-07-07,0,5,10,22
2016-07-08,0,3,9,15
2016-07-09,0,9,9,28
2016-07-10,1,1,9,22
2016-07-11,0,4,7,31
2016-07-12,0,6,7,13
2016-07-13,0,8,8,18
2016-07-14,0,4,14,29
2016-07-15,0,4,14,17
2016-07-16,0,6,8,24
2016-07-17,0,4,3,27
2016-07-18,0,3,11,28
2016-07-19,0,8,8,36
2016-07-20,0,2,12,25
2016-07-21,0,4,11,31
2016-07-22,0,7,8,29
2016-07-23,1,9,6,25
2016-07-24,0,12,6,33
2016-07-25,2,5,12,29
2016-07-26,0,4,12,18
2016-07-27,0,6,10,20
2016-07-28,0,3,16,22
2016-07-29,0,4,11,30
2016-07-30,1,11,8,29
2016-07-31,2,7,2,26
2016-08-01,0,5,10,31
2016-08-02,0,4,12,33
2016-08-03,0,7,9,29
2016-08-04,2,5,15,29
2016-08-05,0,3,7,24
2016-08-06,0,5,5,24
2016-08-07,0,12,6,16
2016-08-08,1,8,14,28
2016-08-09,0,8,8,24
2016-08-10,1,6,2,29
2016-08-11,0,5,4,24
2016-08-12,0,10,12,19
2016-08-13,0,7,6,43
2016-08-14,0,13,1,26
2016-08-15,1,4,7,20
2016-08-16,0,7,6,37
2016-08-17,0,1,9,17
2016-08-18,0,4,6,31
2016-08-19,0,10,7,43
2016-08-20,0,4,8,42
2016-08-21,1,8,5,27
2016-08-22,0,12,9,37
2016-08-23,0,8,8,24
2016-08-24,0,5,3,27
2016-08-25,0,5,9,22
2016-08-26,0,7,8,26
2016-08-27,0,12,6,33
2016-08-28,1,4,9,23
2016-08-29,0,6,9,31
2016-08-30,0,9,11,27
2016-08-31,0,5,13,22
2016-09-01,0,6,8,31
2016-09-02,1,8,9,24
2016-09-03,0,4,5,39
2016-09-04,1,6,1,34
2016-09-05,0,15,5,27
2016-09-06,0,2,4,33
2016-09-07,0,7,10,14
2016-09-08,0,7,7,27
2016-09-09,0,5,5,36
2016-09-10,1,3,5,40
2016-09-11,0,9,7,35
2016-09-12,0,4,7,33
2016-09-13,0,7,4,40
2016-09-14,0,9,7,28
2016-09-15,1,5,8,36
2016-09-16,1,3,9,49
2016-09-17,0,12,6,45
2016-09-18,0,12,6,39
2016-09-19,0,3,10,32
2016-09-20,0,5,6,28
2016-09-21,0,5,8,33
2016-09-22,0,6,8,26
2016-09-23,1,3,8,26
2016-09-24,0,9,2,30
2016-09-25,0,4,3,30
2016-09-26,0,7,5,31
2016-09-27,0,6,8,36
2016-09-28,0,1,11,35
2016-09-29,0,4,6,33
2016-09-30,0,3,12,29
2016-10-01,1,3,3,37
2016-10-02,1,8,1,43
2016-10-03,0,9,5,38
2016-10-04,0,8,1,31
2016-10-05,0,10,8,39
2016-10-06,0,4,15,29
2016-10-07,0,8,2,36
2016-10-08,0,3,9,33
2016-10-09,0,3,4,34
2016-10-10,0,8,13,22
2016-10-11,0,1,5,36
2016-10-12,0,1,5,32
2016-10-13,0,6,5,35
2016-10-14,0,4,6,24
2016-10-15,0,5,12,39
2016-10-16,0,7,4,27
2016-10-17,0,3,11,29
2016-10-18,1,8,9,25
2016-10-19,0,2,12,35
2016-10-20,0,6,11,18
2016-10-21,0,11,10,34
2016-10-22,0,2,7,27
2016-10-23,0,2,6,21
2016-10-24,1,4,8,30
2016-10-25,0,2,11,27
2016-10-26,1,7,10,27
2016-10-27,0,3,5,29
2016-10-28,1,5,8,16
2016-10-29,0,9,8,37
2016-10-30,0,12,3,28
2016-10-31,2,4,6,27
2016-11-01,3,10,5,27
2016-11-02,1,9,11,28
2016-11-03,0,7,5,27
2016-11-04,0,7,12,25
2016-11-05,0,5,8,32
2016-11-06,0,4,3,22
2016-11-07,0,2,9,16
2016-11-08,0,4,15,13
2016-11-09,0,7,4,25
2016-11-10,0,1,8,22
2016-11-11,0,3,9,28
2016-11-12,1,7,8,22
2016-11-13,0,4,3,21
2016-11-14,0,1,12,18
2016-11-15,0,7,5,21
2016-11-16,0,3,6,21
2016-11-17,0,6,8,17
2016-11-18,1,2,17,27
2016-11-19,1,7,7,32
2016-11-20,1,5,7,23
2016-11-21,0,2,1,19
2016-11-22,0,4,10,17
2016-11-23,0,9,7,19
2016-11-24,0,5,12,7
2016-11-25,0,7,6,27
2016-11-26,0,3,8,31
2016-11-27,0,6,2,26
2016-11-28,0,4,6,38
2016-11-29,0,5,6,20
2016-11-30,0,2,9,22
2016-12-01,0,4,12,35
2016-12-02,0,9,9,34
2016-12-03,1,4,5,28
2016-12-04,0,9,8,20
2016-12-05,1,2,5,28
2016-12-06,0,5,7,28
2016-12-07,0,7,9,27
2016-12-08,1,4,9,31
2016-12-09,0,4,9,27
2016-12-10,0,6,6,34
2016-12-11,0,5,3,28
2016-12-12,1,4,12,22
2016-12-13,2,7,12,26
2016-12-14,0,5,3,35
2016-12-15,0,5,7,36
2016-12-16,0,5,15,27
2016-12-17,0,2,9,30
2016-12-18,0,7,6,32
2016-12-19,0,6,11,30
2016-12-20,0,2,8,27
2016-12-21,0,2,9,24
2016-12-22,0,5,13,37
2016-12-23,0,4,13,30
2016-12-24,1,6,18,24
2016-12-25,0,1,10,9
2016-12-26,1,5,5,23
2016-12-27,0,4,9,17
2016-12-28,0,3,4,23
2016-12-29,0,2,8,24
2016-12-30,1,4,7,26
2016-12-31,0,6,12,38
2017-01-01,1,6,8,19
2017-01-02,1,6,9,18
2017-01-03,0,3,7,25
2017-01-04,0,3,11,27
2017-01-05,0,2,8,24
2017-01-06,1,4,9,18
2017-01-07,0,1,5,21
2017-01-08,0,6,7,16
2017-01-09,1,4,6,19
2017-01-10,3,2,11,18
2017-01-11,0,9,6,32
2017-01-12,0,1,6,18
2017-01-13,0,8,8,20
2017-01-14,0,4,5,21
2017-01-15,0,7,6,12
2017-01-16,0,3,7,32
2017-01-17,1,5,6,20
2017-01-18,0,4,6,25
2017-01-19,0,2,4,16
2017-01-20,0,8,5,19
2017-01-21,1,5,6,20
2017-01-22,2,6,4,33
2017-01-23,0,3,6,19
2017-01-24,0,2,10,25
2017-01-25,0,5,8,18
2017-01-26,0,3,7,20
2017-01-27,1,4,5,33
2017-01-28,0,7,5,26
2017-01-29,0,4,2,26
2017-01-30,0,1,5,16
2017-01-31,0,2,6,25
2017-02-01,0,4,3,13
2017-02-02,1,6,4,22
2017-02-03,0,11,5,27
2017-02-04,1,3,4,16
2017-02-05,0,3,6,27
2017-02-06,0,8,6,26
2017-02-07,0,2,10,15
2017-02-08,0,2,3,11
2017-02-09,0,4,8,25
2017-02-10,0,5,11,15
2017-02-11,0,4,4,16
2017-02-12,0,4,4,23
2017-02-13,0,2,9,34
2017-02-14,0,4,7,17
2017-02-15,0,5,12,22
2017-02-16,0,3,5,24
2017-02-17,0,3,6,24
2017-02-18,0,3,10,27
2017-02-19,0,2,5,19
2017-02-20,0,5,6,26
2017-02-21,0,2,7,19
2017-02-22,0,4,4,16
2017-02-23,0,7,6,19
2017-02-24,0,4,2,16
2017-02-25,0,1,4,13
2017-02-26,0,7,1,14
2017-02-27,0,3,3,29
2017-02-28,0,5,11,17
2017-03-01,0,1,7,20
2017-03-02,0,2,2,10
2017-03-03,0,5,4,14
2017-03-04,0,2,4,22
2017-03-05,0,4,6,14
2017-03-06,0,4,4,18
2017-03-07,0,3,2,18
2017-03-08,0,3,4,15
2017-03-09,1,9,4,8
2017-03-10,0,3,5,16
2017-03-11,0,6,8,15
2017-03-12,0,6,4,14
2017-03-13,0,4,4,18
2017-03-14,0,3,7,13
2017-03-15,0,4,2,14
2017-03-16,0,5,7,9
2017-03-17,0,10,3,19
2017-03-18,0,1,2,14
2017-03-19,0,8,3,16
2017-03-20,0,4,3,11
2017-03-21,1,4,5,14
2017-03-22,0,1,7,12
2017-03-23,0,2,4,19
2017-03-24,0,10,11,16
2017-03-25,1,4,4,19
2017-03-26,0,6,5,16
2017-03-27,0,4,5,14
2017-03-28,0,4,5,15
2017-03-29,0,1,5,13
2017-03-30,0,5,7,22
2017-03-31,0,1,6,17
2017-04-01,0,6,5,8
2017-04-02,0,8,4,23
2017-04-03,1,4,5,25
2017-04-04,0,4,7,24
2017-04-05,0,1,7,18
2017-04-06,0,6,8,20
2017-04-07,0,8,12,13
2017-04-08,1,5,3,31
2017-04-09,0,5,2,22
2017-04-10,0,4,4,21
2017-04-11,0,3,7,24
2017-04-12,0,4,5,26
2017-04-13,1,6,5,25
2017-04-14,0,6,6,27
2017-04-15,0,9,7,24
2017-04-16,0,6,4,21
2017-04-17,0,5,8,24
2017-04-18,0,4,13,24
2017-04-19,1,8,4,22
2017-04-20,0,5,5,31
2017-04-21,1,5,6,18
2017-04-22,0,8,4,25
2017-04-23,0,3,5,22
2017-04-24,0,5,8,19
2017-04-25,1,4,7,27
2017-04-26,1,5,5,26
2017-04-27,0,7,4,15
2017-04-28,0,5,5,32
2017-04-29,0,7,1,32
2017-04-30,0,7,9,17
2017-05-01,0,6,5,32
2017-05-02,0,5,7,15
2017-05-03,0,1,5,21
2017-05-04,0,3,7,26
2017-05-05,0,6,8,32
2017-05-06,0,6,2,25
2017-05-07,0,5,9,25
2017-05-08,0,4,2,37
2017-05-09,0,6,3,23
2017-05-10,0,9,2,23
2017-05-11,0,4,5,21
2017-05-12,0,9,2,17
2017-05-13,0,6,5,28
2017-05-14,0,8,6,17
2017-05-15,0,6,8,28
2017-05-16,0,6,4,22
2017-05-17,0,5,10,30
2017-05-18,0,9,5,24
2017-05-19,0,5,5,30
2017-05-20,0,12,7,26
2017-05-21,0,8,4,17
2017-05-22,1,3,6,28
2017-05-23,0,4,3,33
2017-05-24,0,1,3,15
2017-05-25,0,5,9,31
2017-05-26,1,4,7,17
2017-05-27,0,12,4,27
2017-05-28,0,4,7,19
2017-05-29,0,11,5,20
2017-05-30,0,6,10,21
2017-05-31,0,4,6,23
2017-06-01,1,4,9,25
2017-06-02,0,6,8,20
2017-06-03,0,4,7,29
2017-06-04,1,8,2,18
2017-06-05,0,4,9,28
2017-06-06,0,4,2,25
2017-06-07,0,8,8,26
2017-06-08,2,4,5,28
2017-06-09,0,4,9,29
2017-06-10,1,7,14,19
2017-06-11,0,6,3,31
2017-06-12,0,5,5,18
2017-06-13,1,7,6,26
2017-06-14,0,2,5,25
2017-06-15,0,4,6,22
2017-06-16,0,9,10,28
2017-06-17,1,1,6,21
2017-06-18,0,8,8,27
2017-06-19,0,5,8,22
2017-06-20,0,7,5,23
2017-06-21,0,6,1,28
2017-06-22,1,3,9,36
2017-06-23,1,3,6,22
2017-06-24,0,3,7,22
2017-06-25,0,6,8,26
2017-06-26,0,2,1,25
2017-06-27,0,4,5,29
2017-06-28,0,3,2,27
2017-06-29,1,2,2,19
2017-06-30,1,6,11,16
2017-07-01,0,7,5,28
2017-07-02,0,5,4,19
2017-07-03,0,10,11,30
2017-07-04,0,4,7,28
2017-07-05,0,5,3,21
2017-07-06,0,6,9,26
2017-07-07,1,0,9,26
2017-07-08,0,6,6,25
2017-07-09,0,6,4,15
2017-07-10,0,9,3,25
2017-07-11,0,8,5,33
2017-07-12,0,8,4,28
2017-07-13,1,9,5,15
2017-07-14,1,7,11,25
2017-07-15,0,8,9,32
2017-07-16,1,3,3,27
2017-07-17,0,8,18,36
2017-07-18,0,8,4,22
2017-07-19,0,5,6,30
2017-07-20,0,6,7,23
2017-07-21,0,7,4,12
2017-07-22,1,6,7,42
2017-07-23,0,7,2,16
2017-07-24,0,3,7,18
2017-07-25,0,5,6,27
2017-07-26,0,6,9,24
2017-07-27,0,7,10,23
2017-07-28,0,8,5,30
2017-07-29,0,5,8,26
2017-07-30,0,2,2,20
2017-07-31,0,5,4,28
2017-08-01,0,4,6,14
2017-08-02,0,8,2,28
2017-08-03,0,6,3,18
2017-08-04,1,4,4,28
2017-08-05,0,4,9,25
2017-08-06,1,6,6,16
2017-08-07,0,4,4,24
2017-08-08,0,4,8,12
2017-08-09,0,2,6,15
2017-08-10,0,3,6,15
2017-08-11,0,6,8,21
2017-08-12,0,7,5,23
2017-08-13,0,5,6,23
2017-08-14,0,6,9,26
2017-08-15,0,6,9,24
2017-08-16,0,3,9,20
2017-08-17,0,3,7,32
2017-08-18,0,4,8,30
2017-08-19,1,4,11,42
2017-08-20,0,10,5,32
2017-08-21,0,4,7,23
2017-08-22,0,4,5,25
2017-08-23,0,8,5,19
2017-08-24,0,5,8,22
2017-08-25,0,4,6,26
2017-08-26,0,7,6,31
2017-08-27,0,10,3,28
2017-08-28,0,7,6,28
2017-08-29,0,11,9,25
2017-08-30,0,3,7,19
2017-08-31,0,3,11,19
2017-09-01,0,6,8,28
2017-09-02,0,8,7,34
2017-09-03,0,7,5,37
2017-09-04,0,5,6,34
2017-09-05,1,7,8,32
2017-09-06,0,3,6,20
2017-09-07,0,5,5,23
2017-09-08,0,3,8,26
2017-09-09,0,2,5,41
2017-09-10,1,7,6,32
2017-09-11,0,1,4,17
2017-09-12,0,8,8,29
2017-09-13,0,3,6,29
2017-09-14,0,3,7,26
2017-09-15,0,2,9,34
2017-09-16,1,6,5,23
2017-09-17,0,8,3,28
2017-09-18,0,4,4,28
2017-09-19,0,5,10,28
2017-09-20,0,6,12,34
2017-09-21,1,7,10,27
2017-09-22,0,12,4,28
2017-09-23,0,7,7,37
2017-09-24,0,11,4,22
2017-09-25,0,12,13,23
2017-09-26,0,2,6,25
2017-09-27,0,7,5,17
2017-09-28,0,0,8,25
2017-09-29,1,4,7,32
2017-09-30,0,8,6,30
2017-10-01,0,7,6,30
2017-10-02,0,6,9,30
2017-10-03,1,1,4,20
2017-10-04,0,4,9,19
2017-10-05,0,6,9,22
2017-10-06,1,1,6,34
2017-10-07,1,7,8,35
2017-10-08,0,4,5,36
2017-10-09,0,6,7,33
2017-10-10,0,6,7,31
2017-10-11,0,6,5,38
2017-10-12,0,4,8,23
2017-10-13,1,5,8,30
2017-10-14,2,9,7,29
2017-10-15,0,8,3,17
2017-10-16,0,15,10,33
2017-10-17,1,3,7,26
2017-10-18,1,2,4,28
2017-10-19,0,7,8,21
2017-10-20,0,2,8,23
2017-10-21,2,6,10,38
2017-10-22,0,7,5,32
2017-10-23,0,1,6,19
2017-10-24,0,2,4,32
2017-10-25,1,4,6,23
2017-10-26,0,0,4,22
2017-10-27,1,2,8,30
2017-10-28,0,6,6,39
2017-10-29,0,4,5,32
2017-10-30,0,6,7,25
2017-10-31,0,5,12,34
2017-11-01,1,6,9,33
2017-11-02,0,2,4,23
2017-11-03,1,4,9,25
2017-11-04,1,8,2,31
2017-11-05,0,11,5,22
2017-11-06,0,3,5,36
2017-11-07,0,8,9,37
2017-11-08,0,5,7,27
2017-11-09,1,3,6,28
2017-11-10,0,5,4,26
2017-11-11,0,3,8,36
2017-11-12,1,8,6,26
2017-11-13,0,2,9,23
2017-11-14,0,2,9,26
2017-11-15,0,8,10,24
2017-11-16,0,4,4,33
2017-11-17,0,5,12,47
2017-11-18,1,2,11,30
2017-11-19,1,3,6,32
2017-11-20,1,1,6,43
2017-11-21,0,4,11,20
2017-11-22,0,6,5,21
2017-11-23,0,7,5,12
2017-11-24,0,4,8,34
2017-11-25,0,4,9,27
2017-11-26,0,4,7,38
2017-11-27,2,4,15,36
2017-11-28,0,3,12,31
2017-11-29,0,4,9,21
2017-11-30,0,3,3,33
2017-12-01,0,4,8,31
2017-12-02,1,6,5,31
2017-12-03,0,3,6,24
2017-12-04,0,6,8,22
2017-12-05,0,4,6,26
2017-12-06,0,3,7,24
2017-12-07,0,3,8,50
2017-12-08,0,2,8,30
2017-12-09,0,2,3,23
2017-12-10,0,1,7,35
2017-12-11,0,6,5,29
2017-12-12,0,3,5,29
2017-12-13,0,5,5,23
2017-12-14,0,4,6,29
2017-12-15,0,3,5,21
2017-12-16,0,7,5,36
2017-12-17,0,3,2,36
2017-12-18,0,4,4,25
2017-12-19,1,1,4,22
2017-12-20,0,2,13,30
2017-12-21,0,2,14,24
2017-12-22,0,1,11,34
2017-12-23,0,3,8,31
2017-12-24,0,3,7,33
2017-12-25,0,2,2,17
2017-12-26,0,5,2,32
2017-12-27,0,9,4,31
2017-12-28,1,3,11,24
2017-12-29,0,2,3,20
2017-12-30,1,3,3,25
2017-12-31,0,4,6,33
2018-01-01,0,5,2,19
2018-01-02,0,2,6,21
2018-01-03,0,5,4,28
2018-01-04,0,5,1,21
2018-01-05,0,3,5,19
2018-01-06,0,5,5,23
2018-01-07,0,3,5,19
2018-01-08,0,0,8,30
2018-01-09,0,5,9,26
2018-01-10,0,4,6,22
2018-01-11,0,4,4,30
2018-01-12,0,6,6,25
2018-01-13,0,4,3,31
2018-01-14,0,3,1,21
2018-01-15,1,5,9,21
2018-01-16,0,3,2,33
2018-01-17,0,0,3,13
2018-01-18,0,4,5,37
2018-01-19,0,3,3,32
2018-01-20,0,2,6,37
2018-01-21,0,5,2,9
2018-01-22,0,6,7,23
2018-01-23,1,7,4,28
2018-01-24,0,5,7,28
2018-01-25,0,9,4,19
2018-01-26,0,0,3,35
2018-01-27,0,5,4,32
2018-01-28,0,2,9,17
2018-01-29,0,2,3,17
2018-01-30,0,2,2,16
2018-01-31,0,2,9,14
2018-02-01,0,2,5,17
2018-02-02,0,5,6,24
2018-02-03,0,5,3,32
2018-02-04,0,7,1,23
2018-02-05,0,4,9,19
2018-02-06,0,2,9,23
2018-02-07,0,2,5,27
2018-02-08,0,4,5,26
2018-02-09,0,4,10,17
2018-02-10,2,5,9,38
2018-02-11,1,2,3,34
2018-02-12,2,3,7,25
2018-02-13,0,3,7,31
2018-02-14,0,5,1,22
2018-02-15,0,2,4,31
2018-02-16,0,4,9,31
2018-02-17,1,5,10,36
2018-02-18,0,6,3,26
2018-02-19,0,6,6,23
2018-02-20,0,5,5,35
2018-02-21,0,3,2,24
2018-02-22,0,9,4,26
2018-02-23,0,4,3,23
2018-02-24,1,5,4,30
2018-02-25,0,4,3,11
2018-02-26,0,2,5,21
2018-02-27,0,5,5,17
2018-02-28,0,3,3,11
2018-03-01,0,4,2,21
2018-03-02,0,2,6,16
2018-03-03,0,10,2,29
2018-03-04,0,6,2,7
2018-03-05,0,6,8,15
2018-03-06,0,5,4,23
2018-03-07,0,5,5,25
2018-03-08,0,4,3,24
2018-03-09,0,1,6,15
2018-03-10,0,3,4,25
2018-03-11,0,6,4,18
2018-03-12,0,5,9,22
2018-03-13,0,4,3,35
2018-03-14,0,3,2,16
2018-03-15,0,6,5,26
2018-03-16,0,4,8,13
2018-03-17,1,5,8,23
2018-03-18,0,2,3,25
2018-03-19,0,3,2,19
2018-03-20,0,1,4,15
2018-03-21,0,8,6,15
2018-03-22,0,3,5,28
2018-03-23,0,10,1,20
2018-03-24,0,6,0,25
2018-03-25,0,3,5,13
2018-03-26,0,6,3,30
2018-03-27,0,4,4,15
2018-03-28,1,4,2,22
2018-03-29,0,5,8,30
2018-03-30,1,7,5,26
2018-03-31,1,5,5,26
2018-04-01,0,9,8,16
2018-04-02,0,2,2,20
2018-04-03,0,4,6,23
2018-04-04,0,4,2,28
2018-04-05,0,4,3,27
2018-04-06,0,6,4,40
2018-04-07,0,6,2,36
2018-04-08,0,2,3,16
2018-04-09,0,9,5,21
2018-04-10,0,8,4,19
2018-04-11,0,7,11,15
2018-04-12,0,2,7,20
2018-04-13,0,7,7,28
2018-04-14,0,6,8,17
2018-04-15,0,3,6,22
2018-04-16,0,4,8,23
2018-04-17,0,2,7,20
2018-04-18,1,7,5,30
2018-04-19,0,5,6,18
2018-04-20,0,4,7,23
2018-04-21,1,5,6,27
2018-04-22,0,4,5,15
2018-04-23,0,5,5,43
2018-04-24,0,4,7,23
2018-04-25,0,6,5,24
2018-04-26,0,4,7,14
2018-04-27,0,7,7,23
2018-04-28,1,5,5,32
2018-04-29,0,3,2,21
2018-04-30,0,5,6,29
2018-05-01,0,3,15,15
2018-05-02,1,5,4,24
2018-05-03,0,2,6,20
2018-05-04,1,4,9,24
2018-05-05,0,7,4,34
2018-05-06,0,10,3,23
2018-05-07,0,5,3,31
2018-05-08,0,5,3,16
2018-05-09,0,5,6,20
2018-05-10,0,3,4,26
2018-05-11,0,3,8,24
2018-05-12,0,4,3,31
2018-05-13,1,7,12,27
2018-05-14,0,7,3,24
2018-05-15,0,7,4,25
2018-05-16,0,7,7,27
2018-05-17,0,4,12,26
2018-05-18,0,6,6,28
2018-05-19,1,7,5,33
2018-05-20,1,6,3,29
2018-05-21,0,3,4,25
2018-05-22,1,4,6,22
2018-05-23,0,5,5,29
2018-05-24,0,3,6,36
2018-05-25,0,6,10,30
2018-05-26,0,5,3,27
2018-05-27,0,2,6,34
2018-05-28,1,4,4,35
2018-05-29,0,7,4,21
2018-05-30,1,6,5,37
2018-05-31,0,5,6,27
2018-06-01,0,7,4,23
2018-06-02,0,6,3,32
2018-06-03,1,3,2,28
2018-06-04,0,5,2,26
2018-06-05,0,3,5,23
2018-06-06,0,5,3,34
2018-06-07,0,5,7,22
2018-06-08,0,11,5,27
2018-06-09,0,5,5,34
2018-06-10,0,3,3,25
2018-06-11,0,7,5,23
2018-06-12,0,7,3,23
2018-06-13,2,3,3,21
2018-06-14,0,7,4,20
2018-06-15,0,2,7,27
2018-06-16,1,5,4,36
2018-06-17,0,5,2,22
2018-06-18,0,6,2,17
2018-06-19,0,6,10,25
2018-06-20,0,2,5,31
2018-06-21,0,3,4,30
2018-06-22,0,4,3,26
2018-06-23,0,7,4,28
2018-06-24,0,4,6,24
2018-06-25,0,3,3,33
2018-06-26,0,7,7,24
2018-06-27,0,1,3,24
2018-06-28,0,5,4,27
2018-06-29,1,8,6,19
2018-06-30,0,7,3,29
2018-07-01,0,7,7,28
2018-07-02,0,6,8,29
2018-07-03,1,7,8,41
2018-07-04,0,5,4,23
2018-07-05,1,7,5,23
2018-07-06,0,7,6,49
2018-07-07,1,4,5,24
2018-07-08,1,3,2,39
2018-07-09,0,4,6,37
2018-07-10,0,3,5,24
2018-07-11,1,4,4,32
2018-07-12,2,3,7,38
2018-07-13,1,7,5,27
2018-07-14,1,9,2,40
2018-07-15,0,5,9,24
2018-07-16,0,7,8,19
2018-07-17,0,3,3,29
2018-07-18,0,3,7,24
2018-07-19,0,2,9,27
2018-07-20,0,1,5,27
2018-07-21,0,5,8,22
2018-07-22,0,7,7,20
2018-07-23,0,6,8,20
2018-07-24,0,4,2,24
2018-07-25,0,3,4,34
2018-07-26,0,4,2,22
2018-07-27,0,2,7,33
2018-07-28,0,5,2,25
2018-07-29,2,4,4,22
2018-07-30,2,6,2,34
2018-07-31,0,1,4,23
2018-08-01,0,3,8,32
2018-08-02,0,2,2,34
2018-08-03,1,4,8,18
2018-08-04,0,8,3,21
2018-08-05,0,5,6,15
2018-08-06,0,3,5,30
2018-08-07,0,4,4,24
2018-08-08,1,5,7,22
2018-08-09,0,1,6,20
2018-08-10,0,4,5,39
2018-08-11,0,3,11,40
2018-08-12,1,5,2,17
2018-08-13,0,4,10,26
2018-08-14,0,3,7,23
2018-08-15,0,4,7,23
2018-08-16,0,5,5,27
2018-08-17,0,5,9,23
2018-08-18,0,5,2,44
2018-08-19,0,7,6,26
2018-08-20,1,1,7,19
2018-08-21,0,5,6,27
2018-08-22,0,6,11,24
2018-08-23,0,4,4,20
2018-08-24,0,4,5,25
2018-08-25,1,4,6,25
2018-08-26,1,3,4,32
2018-08-27,0,5,8,13
2018-08-28,0,4,4,27
2018-08-29,0,6,7,20
2018-08-30,0,6,15,9
2018-08-31,0,2,8,19
2018-09-01,0,4,3,36
2018-09-02,0,8,9,27
2018-09-03,1,8,2,21
2018-09-04,0,3,10,26
2018-09-05,1,5,8,24
2018-09-06,0,7,8,26
2018-09-07,0,6,8,25
2018-09-08,0,5,7,29
2018-09-09,0,6,0,20
2018-09-10,0,1,8,20
2018-09-11,0,4,8,21
2018-09-12,0,3,9,20
2018-09-13,0,1,2,23
2018-09-14,0,1,10,28
2018-09-15,1,10,2,32
2018-09-16,0,1,3,18
2018-09-17,0,0,3,31
2018-09-18,0,4,7,27
2018-09-19,0,7,6,22
2018-09-20,1,3,5,24
2018-09-21,0,4,6,42
2018-09-22,0,2,5,26
2018-09-23,0,6,6,24
2018-09-24,0,5,6,31
2018-09-25,0,5,4,19
2018-09-26,0,2,6,30
2018-09-27,1,5,5,21
2018-09-28,0,7,10,18
2018-09-29,0,6,9,27
2018-09-30,0,6,4,26
2018-10-01,0,4,9,22
2018-10-02,0,8,8,14
2018-10-03,0,5,3,23
2018-10-04,0,2,6,19
2018-10-05,0,9,3,24
2018-10-06,0,7,7,26
2018-10-07,0,2,4,19
2018-10-08,0,2,7,26
2018-10-09,0,1,3,22
2018-10-10,0,5,2,19
2018-10-11,0,4,1,19
2018-10-12,0,3,3,34
2018-10-13,0,6,1,33
2018-10-14,1,3,2,28
2018-10-15,0,4,7,17
2018-10-16,0,3,1,28
2018-10-17,0,6,3,33
2018-10-18,0,6,6,25
2018-10-19,0,4,9,24
2018-10-20,1,3,1,29
2018-10-21,0,7,3,26
2018-10-22,0,4,8,36
2018-10-23,0,4,6,29
2018-10-24,0,5,6,25
2018-10-25,1,6,4,24
2018-10-26,0,5,7,35
2018-10-27,0,6,5,31
2018-10-28,0,2,5,29
2018-10-29,0,6,3,37
2018-10-30,0,3,6,26
2018-10-31,0,5,8,25
2018-11-01,0,6,9,26
2018-11-02,0,3,6,28
2018-11-03,0,2,6,16
2018-11-04,0,8,4,19
2018-11-05,0,5,4,39
2018-11-06,0,4,6,25
2018-11-07,0,5,6,23
2018-11-08,0,4,4,22
2018-11-09,0,2,7,31
2018-11-10,0,3,2,38
2018-11-11,0,2,3,15
2018-11-12,0,2,6,22
2018-11-13,0,6,5,23
2018-11-14,1,6,6,35
2018-11-15,0,7,4,16
2018-11-16,0,3,4,37
2018-11-17,0,3,5,26
2018-11-18,0,4,4,29
2018-11-19,1,3,4,30
2018-11-20,0,8,2,41
2018-11-21,0,7,6,33
2018-11-22,0,3,4,20
2018-11-23,0,1,10,34
2018-11-24,0,3,2,35
2018-11-25,0,6,4,25
2018-11-26,0,6,3,38
2018-11-27,0,3,5,26
2018-11-28,0,3,8,38
2018-11-29,1,3,4,36
2018-11-30,0,2,6,38
2018-12-01,0,0,9,44
2018-12-02,0,4,7,27
2018-12-03,2,7,8,34
2018-12-04,0,4,8,30
2018-12-05,0,3,3,23
2018-12-06,0,5,6,26
2018-12-07,0,4,4,50
2018-12-08,0,5,3,32
2018-12-09,0,2,5,20
2018-12-10,1,2,5,34
2018-12-11,0,1,5,33
2018-12-12,0,6,2,29
2018-12-13,1,6,10,44
2018-12-14,0,3,6,50
2018-12-15,0,2,4,36
2018-12-16,1,6,2,32
2018-12-17,1,1,11,27
2018-12-18,0,5,6,31
2018-12-19,2,3,6,26
2018-12-20,0,1,11,24
2018-12-21,0,3,10,27
2018-12-22,0,4,4,19
2018-12-23,1,8,10,22
2018-12-24,1,2,9,34
2018-12-25,0,6,3,9
2018-12-26,0,1,6,27
2018-12-27,0,4,4,31
2018-12-28,0,0,4,41
2018-12-29,0,6,4,27
2018-12-30,1,4,6,24
2018-12-31,0,5,3,23
